period,region,demand,lag_1,lag_7,lag_14
2025-05-01,Bronx,87491,,,
2025-05-01,Brooklyn,170991,,,
2025-05-01,EWR,0,,,
2025-05-01,Manhattan,258993,,,
2025-05-01,Queens,145882,,,
2025-05-01,Staten Island,11351,,,
2025-05-02,Bronx,100552,87491.0,,
2025-05-02,Brooklyn,197390,170991.0,,
2025-05-02,EWR,0,0.0,,
2025-05-02,Manhattan,276481,258993.0,,
2025-05-02,Queens,158155,145882.0,,
2025-05-02,Staten Island,12592,11351.0,,
2025-05-03,Bronx,96199,100552.0,,
2025-05-03,Brooklyn,235605,197390.0,,
2025-05-03,EWR,0,0.0,,
2025-05-03,Manhattan,303993,276481.0,,
2025-05-03,Queens,156016,158155.0,,
2025-05-03,Staten Island,11335,12592.0,,
2025-05-04,Bronx,78386,96199.0,,
2025-05-04,Brooklyn,202929,235605.0,,
2025-05-04,EWR,0,0.0,,
2025-05-04,Manhattan,232571,303993.0,,
2025-05-04,Queens,147964,156016.0,,
2025-05-04,Staten Island,8631,11335.0,,
2025-05-05,Bronx,87954,78386.0,,
2025-05-05,Brooklyn,165239,202929.0,,
2025-05-05,EWR,0,0.0,,
2025-05-05,Manhattan,244223,232571.0,,
2025-05-05,Queens,149438,147964.0,,
2025-05-05,Staten Island,10406,8631.0,,
2025-05-06,Bronx,81083,87954.0,,
2025-05-06,Brooklyn,152576,165239.0,,
2025-05-06,EWR,0,0.0,,
2025-05-06,Manhattan,252800,244223.0,,
2025-05-06,Queens,136467,149438.0,,
2025-05-06,Staten Island,10216,10406.0,,
2025-05-07,Bronx,82265,81083.0,,
2025-05-07,Brooklyn,155969,152576.0,,
2025-05-07,EWR,0,0.0,,
2025-05-07,Manhattan,248398,252800.0,,
2025-05-07,Queens,138206,136467.0,,
2025-05-07,Staten Island,10497,10216.0,,
2025-05-08,Bronx,87891,82265.0,87491.0,
2025-05-08,Brooklyn,171143,155969.0,170991.0,
2025-05-08,EWR,1,0.0,0.0,
2025-05-08,Manhattan,265929,248398.0,258993.0,
2025-05-08,Queens,143312,138206.0,145882.0,
2025-05-08,Staten Island,11292,10497.0,11351.0,
2025-05-09,Bronx,102531,87891.0,100552.0,
2025-05-09,Brooklyn,209621,171143.0,197390.0,
2025-05-09,EWR,0,1.0,0.0,
2025-05-09,Manhattan,293240,265929.0,276481.0,
2025-05-09,Queens,170204,143312.0,158155.0,
2025-05-09,Staten Island,12443,11292.0,12592.0,
2025-05-10,Bronx,95353,102531.0,96199.0,
2025-05-10,Brooklyn,219695,209621.0,235605.0,
2025-05-10,EWR,0,0.0,0.0,
2025-05-10,Manhattan,279309,293240.0,303993.0,
2025-05-10,Queens,163637,170204.0,156016.0,
2025-05-10,Staten Island,11521,12443.0,11335.0,
2025-05-11,Bronx,91046,95353.0,78386.0,
2025-05-11,Brooklyn,197032,219695.0,202929.0,
2025-05-11,EWR,0,0.0,0.0,
2025-05-11,Manhattan,228813,279309.0,232571.0,
2025-05-11,Queens,158434,163637.0,147964.0,
2025-05-11,Staten Island,9454,11521.0,8631.0,
2025-05-12,Bronx,76706,91046.0,87954.0,
2025-05-12,Brooklyn,141486,197032.0,165239.0,
2025-05-12,EWR,0,0.0,0.0,
2025-05-12,Manhattan,210479,228813.0,244223.0,
2025-05-12,Queens,136922,158434.0,149438.0,
2025-05-12,Staten Island,9772,9454.0,10406.0,
2025-05-13,Bronx,78642,76706.0,81083.0,
2025-05-13,Brooklyn,153398,141486.0,152576.0,
2025-05-13,EWR,0,0.0,0.0,
2025-05-13,Manhattan,252339,210479.0,252800.0,
2025-05-13,Queens,134977,136922.0,136467.0,
2025-05-13,Staten Island,10086,9772.0,10216.0,
2025-05-14,Bronx,87080,78642.0,82265.0,
2025-05-14,Brooklyn,181143,153398.0,155969.0,
2025-05-14,EWR,0,0.0,0.0,
2025-05-14,Manhattan,291494,252339.0,248398.0,
2025-05-14,Queens,149579,134977.0,138206.0,
2025-05-14,Staten Island,11164,10086.0,10497.0,
2025-05-15,Bronx,87391,87080.0,87891.0,87491.0
2025-05-15,Brooklyn,172959,181143.0,171143.0,170991.0
2025-05-15,EWR,0,0.0,1.0,0.0
2025-05-15,Manhattan,268215,291494.0,265929.0,258993.0
2025-05-15,Queens,148411,149579.0,143312.0,145882.0
2025-05-15,Staten Island,11042,11164.0,11292.0,11351.0
2025-05-16,Bronx,96476,87391.0,102531.0,100552.0
2025-05-16,Brooklyn,202692,172959.0,209621.0,197390.0
2025-05-16,EWR,0,0.0,0.0,0.0
2025-05-16,Manhattan,271932,268215.0,293240.0,276481.0
2025-05-16,Queens,165178,148411.0,170204.0,158155.0
2025-05-16,Staten Island,12412,11042.0,12443.0,12592.0
2025-05-17,Bronx,93492,96476.0,95353.0,96199.0
2025-05-17,Brooklyn,239062,202692.0,219695.0,235605.0
2025-05-17,EWR,0,0.0,0.0,0.0
2025-05-17,Manhattan,283516,271932.0,279309.0,303993.0
2025-05-17,Queens,166592,165178.0,163637.0,156016.0
2025-05-17,Staten Island,11323,12412.0,11521.0,11335.0
2025-05-18,Bronx,79684,93492.0,91046.0,78386.0
2025-05-18,Brooklyn,202528,239062.0,197032.0,202929.0
2025-05-18,EWR,0,0.0,0.0,0.0
2025-05-18,Manhattan,227775,283516.0,228813.0,232571.0
2025-05-18,Queens,152589,166592.0,158434.0,147964.0
2025-05-18,Staten Island,8746,11323.0,9454.0,8631.0
2025-05-19,Bronx,76093,79684.0,76706.0,87954.0
2025-05-19,Brooklyn,148769,202528.0,141486.0,165239.0
2025-05-19,EWR,0,0.0,0.0,0.0
2025-05-19,Manhattan,211488,227775.0,210479.0,244223.0
2025-05-19,Queens,139329,152589.0,136922.0,149438.0
2025-05-19,Staten Island,9742,8746.0,9772.0,10406.0
2025-05-20,Bronx,78088,76093.0,78642.0,81083.0
2025-05-20,Brooklyn,150777,148769.0,153398.0,152576.0
2025-05-20,EWR,0,0.0,0.0,0.0
2025-05-20,Manhattan,237669,211488.0,252339.0,252800.0
2025-05-20,Queens,133948,139329.0,134977.0,136467.0
2025-05-20,Staten Island,10098,9742.0,10086.0,10216.0
2025-05-21,Bronx,85180,78088.0,87080.0,82265.0
2025-05-21,Brooklyn,180843,150777.0,181143.0,155969.0
2025-05-21,EWR,0,0.0,0.0,0.0
2025-05-21,Manhattan,273584,237669.0,291494.0,248398.0
2025-05-21,Queens,146941,133948.0,149579.0,138206.0
2025-05-21,Staten Island,10913,10098.0,11164.0,10497.0
2025-05-22,Bronx,89222,85180.0,87391.0,87891.0
2025-05-22,Brooklyn,186961,180843.0,172959.0,171143.0
2025-05-22,EWR,0,0.0,0.0,1.0
2025-05-22,Manhattan,269115,273584.0,268215.0,265929.0
2025-05-22,Queens,159092,146941.0,148411.0,143312.0
2025-05-22,Staten Island,11825,10913.0,11042.0,11292.0
2025-05-23,Bronx,96263,89222.0,96476.0,102531.0
2025-05-23,Brooklyn,192882,186961.0,202692.0,209621.0
2025-05-23,EWR,0,0.0,0.0,0.0
2025-05-23,Manhattan,242429,269115.0,271932.0,293240.0
2025-05-23,Queens,163302,159092.0,165178.0,170204.0
2025-05-23,Staten Island,11976,11825.0,12412.0,12443.0
2025-05-24,Bronx,87242,96263.0,93492.0,95353.0
2025-05-24,Brooklyn,201040,192882.0,239062.0,219695.0
2025-05-24,EWR,0,0.0,0.0,0.0
2025-05-24,Manhattan,233479,242429.0,283516.0,279309.0
2025-05-24,Queens,152464,163302.0,166592.0,163637.0
2025-05-24,Staten Island,10267,11976.0,11323.0,11521.0
2025-05-25,Bronx,82125,87242.0,79684.0,91046.0
2025-05-25,Brooklyn,190374,201040.0,202528.0,197032.0
2025-05-25,EWR,0,0.0,0.0,0.0
2025-05-25,Manhattan,204866,233479.0,227775.0,228813.0
2025-05-25,Queens,147376,152464.0,152589.0,158434.0
2025-05-25,Staten Island,9095,10267.0,8746.0,9454.0
2025-05-26,Bronx,65712,82125.0,76093.0,76706.0
2025-05-26,Brooklyn,153821,190374.0,148769.0,141486.0
2025-05-26,EWR,0,0.0,0.0,0.0
2025-05-26,Manhattan,161975,204866.0,211488.0,210479.0
2025-05-26,Queens,132259,147376.0,139329.0,136922.0
2025-05-26,Staten Island,7781,9095.0,9742.0,9772.0
2025-05-27,Bronx,76281,65712.0,78088.0,78642.0
2025-05-27,Brooklyn,146072,153821.0,150777.0,153398.0
2025-05-27,EWR,0,0.0,0.0,0.0
2025-05-27,Manhattan,199645,161975.0,237669.0,252339.0
2025-05-27,Queens,134158,132259.0,133948.0,134977.0
2025-05-27,Staten Island,9775,7781.0,10098.0,10086.0
2025-05-28,Bronx,83038,76281.0,85180.0,87080.0
2025-05-28,Brooklyn,168463,146072.0,180843.0,181143.0
2025-05-28,EWR,0,0.0,0.0,0.0
2025-05-28,Manhattan,246829,199645.0,273584.0,291494.0
2025-05-28,Queens,139974,134158.0,146941.0,149579.0
2025-05-28,Staten Island,10793,9775.0,10913.0,11164.0
2025-05-29,Bronx,86652,83038.0,89222.0,87391.0
2025-05-29,Brooklyn,168246,168463.0,186961.0,172959.0
2025-05-29,EWR,0,0.0,0.0,0.0
2025-05-29,Manhattan,254381,246829.0,269115.0,268215.0
2025-05-29,Queens,142381,139974.0,159092.0,148411.0
2025-05-29,Staten Island,10798,10793.0,11825.0,11042.0
2025-05-30,Bronx,97345,86652.0,96263.0,96476.0
2025-05-30,Brooklyn,193433,168246.0,192882.0,202692.0
2025-05-30,EWR,0,0.0,0.0,0.0
2025-05-30,Manhattan,262347,254381.0,242429.0,271932.0
2025-05-30,Queens,154768,142381.0,163302.0,165178.0
2025-05-30,Staten Island,12426,10798.0,11976.0,12412.0
2025-05-31,Bronx,92593,97345.0,87242.0,93492.0
2025-05-31,Brooklyn,217055,193433.0,201040.0,239062.0
2025-05-31,EWR,0,0.0,0.0,0.0
2025-05-31,Manhattan,288005,262347.0,233479.0,283516.0
2025-05-31,Queens,159229,154768.0,152464.0,166592.0
2025-05-31,Staten Island,10812,12426.0,10267.0,11323.0
2025-06-01,Bronx,78554,92593.0,82125.0,79684.0
2025-06-01,Brooklyn,188240,217055.0,190374.0,202528.0
2025-06-01,EWR,0,0.0,0.0,0.0
2025-06-01,Manhattan,225285,288005.0,204866.0,227775.0
2025-06-01,Queens,150050,159229.0,147376.0,152589.0
2025-06-01,Staten Island,8646,10812.0,9095.0,8746.0
2025-06-02,Bronx,74583,78554.0,65712.0,76093.0
2025-06-02,Brooklyn,131706,188240.0,153821.0,148769.0
2025-06-02,EWR,0,0.0,0.0,0.0
2025-06-02,Manhattan,200253,225285.0,161975.0,211488.0
2025-06-02,Queens,132088,150050.0,132259.0,139329.0
2025-06-02,Staten Island,9258,8646.0,7781.0,9742.0
2025-06-03,Bronx,78341,74583.0,76281.0,78088.0
2025-06-03,Brooklyn,136354,131706.0,146072.0,150777.0
2025-06-03,EWR,0,0.0,0.0,0.0
2025-06-03,Manhattan,231197,200253.0,199645.0,237669.0
2025-06-03,Queens,128669,132088.0,134158.0,133948.0
2025-06-03,Staten Island,9733,9258.0,9775.0,10098.0
2025-06-04,Bronx,86252,78341.0,83038.0,85180.0
2025-06-04,Brooklyn,162218,136354.0,168463.0,180843.0
2025-06-04,EWR,0,0.0,0.0,0.0
2025-06-04,Manhattan,248323,231197.0,246829.0,273584.0
2025-06-04,Queens,140646,128669.0,139974.0,146941.0
2025-06-04,Staten Island,11033,9733.0,10793.0,10913.0
2025-06-05,Bronx,90402,86252.0,86652.0,89222.0
2025-06-05,Brooklyn,176055,162218.0,168246.0,186961.0
2025-06-05,EWR,0,0.0,0.0,0.0
2025-06-05,Manhattan,258852,248323.0,254381.0,269115.0
2025-06-05,Queens,145188,140646.0,142381.0,159092.0
2025-06-05,Staten Island,10921,11033.0,10798.0,11825.0
2025-06-06,Bronx,95325,90402.0,97345.0,96263.0
2025-06-06,Brooklyn,189552,176055.0,193433.0,192882.0
2025-06-06,EWR,0,0.0,0.0,0.0
2025-06-06,Manhattan,240713,258852.0,262347.0,242429.0
2025-06-06,Queens,161019,145188.0,154768.0,163302.0
2025-06-06,Staten Island,11738,10921.0,12426.0,11976.0
2025-06-07,Bronx,89109,95325.0,92593.0,87242.0
2025-06-07,Brooklyn,222452,189552.0,217055.0,201040.0
2025-06-07,EWR,0,0.0,0.0,0.0
2025-06-07,Manhattan,273173,240713.0,288005.0,233479.0
2025-06-07,Queens,165508,161019.0,159229.0,152464.0
2025-06-07,Staten Island,11050,11738.0,10812.0,10267.0
2025-06-08,Bronx,78868,89109.0,78554.0,82125.0
2025-06-08,Brooklyn,195431,222452.0,188240.0,190374.0
2025-06-08,EWR,0,0.0,0.0,0.0
2025-06-08,Manhattan,216277,273173.0,225285.0,204866.0
2025-06-08,Queens,154780,165508.0,150050.0,147376.0
2025-06-08,Staten Island,8906,11050.0,8646.0,9095.0
2025-06-09,Bronx,75082,78868.0,74583.0,65712.0
2025-06-09,Brooklyn,151456,195431.0,131706.0,153821.0
2025-06-09,EWR,0,0.0,0.0,0.0
2025-06-09,Manhattan,214471,216277.0,200253.0,161975.0
2025-06-09,Queens,137481,154780.0,132088.0,132259.0
2025-06-09,Staten Island,9704,8906.0,9258.0,7781.0
2025-06-10,Bronx,78246,75082.0,78341.0,76281.0
2025-06-10,Brooklyn,156295,151456.0,136354.0,146072.0
2025-06-10,EWR,0,0.0,0.0,0.0
2025-06-10,Manhattan,243916,214471.0,231197.0,199645.0
2025-06-10,Queens,134148,137481.0,128669.0,134158.0
2025-06-10,Staten Island,9841,9704.0,9733.0,9775.0
2025-06-11,Bronx,81200,78246.0,86252.0,83038.0
2025-06-11,Brooklyn,165026,156295.0,162218.0,168463.0
2025-06-11,EWR,0,0.0,0.0,0.0
2025-06-11,Manhattan,243602,243916.0,248323.0,246829.0
2025-06-11,Queens,137485,134148.0,140646.0,139974.0
2025-06-11,Staten Island,10529,9841.0,11033.0,10793.0
2025-06-12,Bronx,88921,81200.0,90402.0,86652.0
2025-06-12,Brooklyn,181606,165026.0,176055.0,168246.0
2025-06-12,EWR,0,0.0,0.0,0.0
2025-06-12,Manhattan,255824,243602.0,258852.0,254381.0
2025-06-12,Queens,145941,137485.0,145188.0,142381.0
2025-06-12,Staten Island,11616,10529.0,10921.0,10798.0
2025-06-13,Bronx,98391,88921.0,95325.0,97345.0
2025-06-13,Brooklyn,195869,181606.0,189552.0,193433.0
2025-06-13,EWR,0,0.0,0.0,0.0
2025-06-13,Manhattan,252791,255824.0,240713.0,262347.0
2025-06-13,Queens,160227,145941.0,161019.0,154768.0
2025-06-13,Staten Island,12620,11616.0,11738.0,12426.0
2025-06-14,Bronx,90667,98391.0,89109.0,92593.0
2025-06-14,Brooklyn,230973,195869.0,222452.0,217055.0
2025-06-14,EWR,0,0.0,0.0,0.0
2025-06-14,Manhattan,270749,252791.0,273173.0,288005.0
2025-06-14,Queens,162575,160227.0,165508.0,159229.0
2025-06-14,Staten Island,11028,12620.0,11050.0,10812.0
2025-06-15,Bronx,78707,90667.0,78868.0,78554.0
2025-06-15,Brooklyn,196624,230973.0,195431.0,188240.0
2025-06-15,EWR,0,0.0,0.0,0.0
2025-06-15,Manhattan,212191,270749.0,216277.0,225285.0
2025-06-15,Queens,145837,162575.0,154780.0,150050.0
2025-06-15,Staten Island,8751,11028.0,8906.0,8646.0
2025-06-16,Bronx,78508,78707.0,75082.0,74583.0
2025-06-16,Brooklyn,149600,196624.0,151456.0,131706.0
2025-06-16,EWR,0,0.0,0.0,0.0
2025-06-16,Manhattan,200697,212191.0,214471.0,200253.0
2025-06-16,Queens,136560,145837.0,137481.0,132088.0
2025-06-16,Staten Island,9795,8751.0,9704.0,9258.0
2025-06-17,Bronx,79130,78508.0,78246.0,78341.0
2025-06-17,Brooklyn,153910,149600.0,156295.0,136354.0
2025-06-17,EWR,0,0.0,0.0,0.0
2025-06-17,Manhattan,227132,200697.0,243916.0,231197.0
2025-06-17,Queens,129914,136560.0,134148.0,128669.0
2025-06-17,Staten Island,9979,9795.0,9841.0,9733.0
2025-06-18,Bronx,88486,79130.0,81200.0,86252.0
2025-06-18,Brooklyn,174710,153910.0,165026.0,162218.0
2025-06-18,EWR,0,0.0,0.0,0.0
2025-06-18,Manhattan,238605,227132.0,243602.0,248323.0
2025-06-18,Queens,147393,129914.0,137485.0,140646.0
2025-06-18,Staten Island,11581,9979.0,10529.0,11033.0
2025-06-19,Bronx,77700,88486.0,88921.0,90402.0
2025-06-19,Brooklyn,192222,174710.0,181606.0,176055.0
2025-06-19,EWR,0,0.0,0.0,0.0
2025-06-19,Manhattan,240697,238605.0,255824.0,258852.0
2025-06-19,Queens,145995,147393.0,145941.0,145188.0
2025-06-19,Staten Island,10337,11581.0,11616.0,10921.0
2025-06-20,Bronx,98093,77700.0,98391.0,95325.0
2025-06-20,Brooklyn,196637,192222.0,195869.0,189552.0
2025-06-20,EWR,0,0.0,0.0,0.0
2025-06-20,Manhattan,235725,240697.0,252791.0,240713.0
2025-06-20,Queens,164868,145995.0,160227.0,161019.0
2025-06-20,Staten Island,12257,10337.0,12620.0,11738.0
2025-06-21,Bronx,92549,98093.0,90667.0,89109.0
2025-06-21,Brooklyn,232507,196637.0,230973.0,222452.0
2025-06-21,EWR,0,0.0,0.0,0.0
2025-06-21,Manhattan,253932,235725.0,270749.0,273173.0
2025-06-21,Queens,166496,164868.0,162575.0,165508.0
2025-06-21,Staten Island,11375,12257.0,11028.0,11050.0
2025-06-22,Bronx,78277,92549.0,78707.0,78868.0
2025-06-22,Brooklyn,198202,232507.0,196624.0,195431.0
2025-06-22,EWR,0,0.0,0.0,0.0
2025-06-22,Manhattan,224851,253932.0,212191.0,216277.0
2025-06-22,Queens,156001,166496.0,145837.0,154780.0
2025-06-22,Staten Island,8938,11375.0,8751.0,8906.0
2025-06-23,Bronx,83971,78277.0,78508.0,75082.0
2025-06-23,Brooklyn,162571,198202.0,149600.0,151456.0
2025-06-23,EWR,0,0.0,0.0,0.0
2025-06-23,Manhattan,219939,224851.0,200697.0,214471.0
2025-06-23,Queens,153440,156001.0,136560.0,137481.0
2025-06-23,Staten Island,10526,8938.0,9795.0,9704.0
2025-06-24,Bronx,87797,83971.0,79130.0,78246.0
2025-06-24,Brooklyn,180128,162571.0,153910.0,156295.0
2025-06-24,EWR,0,0.0,0.0,0.0
2025-06-24,Manhattan,254464,219939.0,227132.0,243916.0
2025-06-24,Queens,152310,153440.0,129914.0,134148.0
2025-06-24,Staten Island,10948,10526.0,9979.0,9841.0
2025-06-25,Bronx,87807,87797.0,88486.0,81200.0
2025-06-25,Brooklyn,180260,180128.0,174710.0,165026.0
2025-06-25,EWR,0,0.0,0.0,0.0
2025-06-25,Manhattan,259013,254464.0,238605.0,243602.0
2025-06-25,Queens,148837,152310.0,147393.0,137485.0
2025-06-25,Staten Island,11682,10948.0,11581.0,10529.0
2025-06-26,Bronx,86877,87807.0,77700.0,88921.0
2025-06-26,Brooklyn,176758,180260.0,192222.0,181606.0
2025-06-26,EWR,0,0.0,0.0,0.0
2025-06-26,Manhattan,245044,259013.0,240697.0,255824.0
2025-06-26,Queens,147282,148837.0,145995.0,145941.0
2025-06-26,Staten Island,11812,11682.0,10337.0,11616.0
2025-06-27,Bronx,91397,86877.0,98093.0,98391.0
2025-06-27,Brooklyn,185131,176758.0,196637.0,195869.0
2025-06-27,EWR,0,0.0,0.0,0.0
2025-06-27,Manhattan,247557,245044.0,235725.0,252791.0
2025-06-27,Queens,156829,147282.0,164868.0,160227.0
2025-06-27,Staten Island,11672,11812.0,12257.0,12620.0
2025-06-28,Bronx,90770,91397.0,92549.0,90667.0
2025-06-28,Brooklyn,218921,185131.0,232507.0,230973.0
2025-06-28,EWR,0,0.0,0.0,0.0
2025-06-28,Manhattan,265450,247557.0,253932.0,270749.0
2025-06-28,Queens,160197,156829.0,166496.0,162575.0
2025-06-28,Staten Island,11176,11672.0,11375.0,11028.0
2025-06-29,Bronx,80376,90770.0,78277.0,78707.0
2025-06-29,Brooklyn,201733,218921.0,198202.0,196624.0
2025-06-29,EWR,0,0.0,0.0,0.0
2025-06-29,Manhattan,215743,265450.0,224851.0,212191.0
2025-06-29,Queens,153356,160197.0,156001.0,145837.0
2025-06-29,Staten Island,9423,11176.0,8938.0,8751.0
2025-06-30,Bronx,77228,80376.0,83971.0,78508.0
2025-06-30,Brooklyn,150011,201733.0,162571.0,149600.0
2025-06-30,EWR,0,0.0,0.0,0.0
2025-06-30,Manhattan,206105,215743.0,219939.0,200697.0
2025-06-30,Queens,132100,153356.0,153440.0,136560.0
2025-06-30,Staten Island,9658,9423.0,10526.0,9795.0
2025-07-01,Bronx,79555,77228.0,87797.0,79130.0
2025-07-01,Brooklyn,156591,150011.0,180128.0,153910.0
2025-07-01,EWR,0,0.0,0.0,0.0
2025-07-01,Manhattan,220678,206105.0,254464.0,227132.0
2025-07-01,Queens,134305,132100.0,152310.0,129914.0
2025-07-01,Staten Island,10301,9658.0,10948.0,9979.0
2025-07-02,Bronx,81816,79555.0,87807.0,88486.0
2025-07-02,Brooklyn,151696,156591.0,180260.0,174710.0
2025-07-02,EWR,0,0.0,0.0,0.0
2025-07-02,Manhattan,204577,220678.0,259013.0,238605.0
2025-07-02,Queens,134650,134305.0,148837.0,147393.0
2025-07-02,Staten Island,10671,10301.0,11682.0,11581.0
2025-07-03,Bronx,94283,81816.0,86877.0,77700.0
2025-07-03,Brooklyn,174025,151696.0,176758.0,192222.0
2025-07-03,EWR,0,0.0,0.0,0.0
2025-07-03,Manhattan,200144,204577.0,245044.0,240697.0
2025-07-03,Queens,147583,134650.0,147282.0,145995.0
2025-07-03,Staten Island,11994,10671.0,11812.0,10337.0
2025-07-04,Bronx,82574,94283.0,91397.0,98093.0
2025-07-04,Brooklyn,174047,174025.0,185131.0,196637.0
2025-07-04,EWR,0,0.0,0.0,0.0
2025-07-04,Manhattan,162950,200144.0,247557.0,235725.0
2025-07-04,Queens,143017,147583.0,156829.0,164868.0
2025-07-04,Staten Island,10393,11994.0,11672.0,12257.0
2025-07-05,Bronx,86684,82574.0,90770.0,92549.0
2025-07-05,Brooklyn,185967,174047.0,218921.0,232507.0
2025-07-05,EWR,0,0.0,0.0,0.0
2025-07-05,Manhattan,182268,162950.0,265450.0,253932.0
2025-07-05,Queens,147844,143017.0,160197.0,166496.0
2025-07-05,Staten Island,10216,10393.0,11176.0,11375.0
2025-07-06,Bronx,74313,86684.0,80376.0,78277.0
2025-07-06,Brooklyn,158990,185967.0,201733.0,198202.0
2025-07-06,EWR,0,0.0,0.0,0.0
2025-07-06,Manhattan,178541,182268.0,215743.0,224851.0
2025-07-06,Queens,144378,147844.0,153356.0,156001.0
2025-07-06,Staten Island,7854,10216.0,9423.0,8938.0
2025-07-07,Bronx,73958,74313.0,77228.0,83971.0
2025-07-07,Brooklyn,133878,158990.0,150011.0,162571.0
2025-07-07,EWR,0,0.0,0.0,0.0
2025-07-07,Manhattan,180375,178541.0,206105.0,219939.0
2025-07-07,Queens,131432,144378.0,132100.0,153440.0
2025-07-07,Staten Island,9242,7854.0,9658.0,10526.0
2025-07-08,Bronx,78343,73958.0,79555.0,87797.0
2025-07-08,Brooklyn,150738,133878.0,156591.0,180128.0
2025-07-08,EWR,0,0.0,0.0,0.0
2025-07-08,Manhattan,228042,180375.0,220678.0,254464.0
2025-07-08,Queens,131918,131432.0,134305.0,152310.0
2025-07-08,Staten Island,9791,9242.0,10301.0,10948.0
2025-07-09,Bronx,79203,78343.0,81816.0,87807.0
2025-07-09,Brooklyn,152359,150738.0,151696.0,180260.0
2025-07-09,EWR,0,0.0,0.0,0.0
2025-07-09,Manhattan,231692,228042.0,204577.0,259013.0
2025-07-09,Queens,137297,131918.0,134650.0,148837.0
2025-07-09,Staten Island,10092,9791.0,10671.0,11682.0
2025-07-10,Bronx,83952,79203.0,94283.0,86877.0
2025-07-10,Brooklyn,158664,152359.0,174025.0,176758.0
2025-07-10,EWR,0,0.0,0.0,0.0
2025-07-10,Manhattan,238492,231692.0,200144.0,245044.0
2025-07-10,Queens,135182,137297.0,147583.0,147282.0
2025-07-10,Staten Island,10414,10092.0,11994.0,11812.0
2025-07-11,Bronx,93511,83952.0,82574.0,91397.0
2025-07-11,Brooklyn,181899,158664.0,174047.0,185131.0
2025-07-11,EWR,0,0.0,0.0,0.0
2025-07-11,Manhattan,245328,238492.0,162950.0,247557.0
2025-07-11,Queens,152234,135182.0,143017.0,156829.0
2025-07-11,Staten Island,11716,10414.0,10393.0,11672.0
2025-07-12,Bronx,95749,93511.0,86684.0,90770.0
2025-07-12,Brooklyn,222680,181899.0,185967.0,218921.0
2025-07-12,EWR,0,0.0,0.0,0.0
2025-07-12,Manhattan,260150,245328.0,182268.0,265450.0
2025-07-12,Queens,158105,152234.0,147844.0,160197.0
2025-07-12,Staten Island,11058,11716.0,10216.0,11176.0
2025-07-13,Bronx,80576,95749.0,74313.0,80376.0
2025-07-13,Brooklyn,189844,222680.0,158990.0,201733.0
2025-07-13,EWR,0,0.0,0.0,0.0
2025-07-13,Manhattan,212850,260150.0,178541.0,215743.0
2025-07-13,Queens,148146,158105.0,144378.0,153356.0
2025-07-13,Staten Island,8562,11058.0,7854.0,9423.0
2025-07-14,Bronx,82304,80576.0,73958.0,77228.0
2025-07-14,Brooklyn,154635,189844.0,133878.0,150011.0
2025-07-14,EWR,0,0.0,0.0,0.0
2025-07-14,Manhattan,227003,212850.0,180375.0,206105.0
2025-07-14,Queens,145620,148146.0,131432.0,132100.0
2025-07-14,Staten Island,10313,8562.0,9242.0,9658.0
2025-07-15,Bronx,75777,82304.0,78343.0,79555.0
2025-07-15,Brooklyn,142863,154635.0,150738.0,156591.0
2025-07-15,EWR,0,0.0,0.0,0.0
2025-07-15,Manhattan,228383,227003.0,228042.0,220678.0
2025-07-15,Queens,138028,145620.0,131918.0,134305.0
2025-07-15,Staten Island,10029,10313.0,9791.0,10301.0
2025-07-16,Bronx,81512,75777.0,79203.0,81816.0
2025-07-16,Brooklyn,157858,142863.0,152359.0,151696.0
2025-07-16,EWR,0,0.0,0.0,0.0
2025-07-16,Manhattan,253131,228383.0,231692.0,204577.0
2025-07-16,Queens,135451,138028.0,137297.0,134650.0
2025-07-16,Staten Island,10426,10029.0,10092.0,10671.0
2025-07-17,Bronx,86600,81512.0,83952.0,94283.0
2025-07-17,Brooklyn,169991,157858.0,158664.0,174025.0
2025-07-17,EWR,0,0.0,0.0,0.0
2025-07-17,Manhattan,260280,253131.0,238492.0,200144.0
2025-07-17,Queens,148083,135451.0,135182.0,147583.0
2025-07-17,Staten Island,11357,10426.0,10414.0,11994.0
2025-07-18,Bronx,94066,86600.0,93511.0,82574.0
2025-07-18,Brooklyn,184990,169991.0,181899.0,174047.0
2025-07-18,EWR,0,0.0,0.0,0.0
2025-07-18,Manhattan,247011,260280.0,245328.0,162950.0
2025-07-18,Queens,155838,148083.0,152234.0,143017.0
2025-07-18,Staten Island,11951,11357.0,11716.0,10393.0
2025-07-19,Bronx,96444,94066.0,95749.0,86684.0
2025-07-19,Brooklyn,217385,184990.0,222680.0,185967.0
2025-07-19,EWR,0,0.0,0.0,0.0
2025-07-19,Manhattan,261255,247011.0,260150.0,182268.0
2025-07-19,Queens,162936,155838.0,158105.0,147844.0
2025-07-19,Staten Island,10954,11951.0,11058.0,10216.0
2025-07-20,Bronx,82465,96444.0,80576.0,74313.0
2025-07-20,Brooklyn,186872,217385.0,189844.0,158990.0
2025-07-20,EWR,0,0.0,0.0,0.0
2025-07-20,Manhattan,223024,261255.0,212850.0,178541.0
2025-07-20,Queens,152861,162936.0,148146.0,144378.0
2025-07-20,Staten Island,8845,10954.0,8562.0,7854.0
2025-07-21,Bronx,75725,82465.0,82304.0,73958.0
2025-07-21,Brooklyn,139363,186872.0,154635.0,133878.0
2025-07-21,EWR,0,0.0,0.0,0.0
2025-07-21,Manhattan,195622,223024.0,227003.0,180375.0
2025-07-21,Queens,137698,152861.0,145620.0,131432.0
2025-07-21,Staten Island,9645,8845.0,10313.0,9242.0
2025-07-22,Bronx,74913,75725.0,75777.0,78343.0
2025-07-22,Brooklyn,142890,139363.0,142863.0,150738.0
2025-07-22,EWR,0,0.0,0.0,0.0
2025-07-22,Manhattan,212957,195622.0,228383.0,228042.0
2025-07-22,Queens,129123,137698.0,138028.0,131918.0
2025-07-22,Staten Island,9397,9645.0,10029.0,9791.0
2025-07-23,Bronx,78223,74913.0,81512.0,79203.0
2025-07-23,Brooklyn,147195,142890.0,157858.0,152359.0
2025-07-23,EWR,0,0.0,0.0,0.0
2025-07-23,Manhattan,229413,212957.0,253131.0,231692.0
2025-07-23,Queens,132877,129123.0,135451.0,137297.0
2025-07-23,Staten Island,9915,9397.0,10426.0,10092.0
2025-07-24,Bronx,84077,78223.0,86600.0,83952.0
2025-07-24,Brooklyn,161093,147195.0,169991.0,158664.0
2025-07-24,EWR,0,0.0,0.0,0.0
2025-07-24,Manhattan,244682,229413.0,260280.0,238492.0
2025-07-24,Queens,139769,132877.0,148083.0,135182.0
2025-07-24,Staten Island,10858,9915.0,11357.0,10414.0
2025-07-25,Bronx,96542,84077.0,94066.0,93511.0
2025-07-25,Brooklyn,195510,161093.0,184990.0,181899.0
2025-07-25,EWR,0,0.0,0.0,0.0
2025-07-25,Manhattan,264472,244682.0,247011.0,245328.0
2025-07-25,Queens,161810,139769.0,155838.0,152234.0
2025-07-25,Staten Island,12126,10858.0,11951.0,11716.0
2025-07-26,Bronx,94812,96542.0,96444.0,95749.0
2025-07-26,Brooklyn,213091,195510.0,217385.0,222680.0
2025-07-26,EWR,0,0.0,0.0,0.0
2025-07-26,Manhattan,250990,264472.0,261255.0,260150.0
2025-07-26,Queens,167224,161810.0,162936.0,158105.0
2025-07-26,Staten Island,10999,12126.0,10954.0,11058.0
2025-07-27,Bronx,83950,94812.0,82465.0,80576.0
2025-07-27,Brooklyn,181112,213091.0,186872.0,189844.0
2025-07-27,EWR,0,0.0,0.0,0.0
2025-07-27,Manhattan,220797,250990.0,223024.0,212850.0
2025-07-27,Queens,150658,167224.0,152861.0,148146.0
2025-07-27,Staten Island,8498,10999.0,8845.0,8562.0
2025-07-28,Bronx,78995,83950.0,75725.0,82304.0
2025-07-28,Brooklyn,143706,181112.0,139363.0,154635.0
2025-07-28,EWR,0,0.0,0.0,0.0
2025-07-28,Manhattan,210208,220797.0,195622.0,227003.0
2025-07-28,Queens,141614,150658.0,137698.0,145620.0
2025-07-28,Staten Island,9731,8498.0,9645.0,10313.0
2025-07-29,Bronx,81492,78995.0,74913.0,75777.0
2025-07-29,Brooklyn,154901,143706.0,142890.0,142863.0
2025-07-29,EWR,0,0.0,0.0,0.0
2025-07-29,Manhattan,247329,210208.0,212957.0,228383.0
2025-07-29,Queens,133919,141614.0,129123.0,138028.0
2025-07-29,Staten Island,10004,9731.0,9397.0,10029.0
2025-07-30,Bronx,85624,81492.0,78223.0,81512.0
2025-07-30,Brooklyn,163417,154901.0,147195.0,157858.0
2025-07-30,EWR,0,0.0,0.0,0.0
2025-07-30,Manhattan,254393,247329.0,229413.0,253131.0
2025-07-30,Queens,136857,133919.0,132877.0,135451.0
2025-07-30,Staten Island,10312,10004.0,9915.0,10426.0
2025-07-31,Bronx,88497,85624.0,84077.0,86600.0
2025-07-31,Brooklyn,179999,163417.0,161093.0,169991.0
2025-07-31,EWR,0,0.0,0.0,0.0
2025-07-31,Manhattan,256898,254393.0,244682.0,260280.0
2025-07-31,Queens,148045,136857.0,139769.0,148083.0
2025-07-31,Staten Island,11194,10312.0,10858.0,11357.0
2025-08-01,Bronx,94461,88497.0,96542.0,94066.0
2025-08-01,Brooklyn,182972,179999.0,195510.0,184990.0
2025-08-01,EWR,0,0.0,0.0,0.0
2025-08-01,Manhattan,234524,256898.0,264472.0,247011.0
2025-08-01,Queens,157304,148045.0,161810.0,155838.0
2025-08-01,Staten Island,12097,11194.0,12126.0,11951.0
2025-08-02,Bronx,95509,94461.0,94812.0,96444.0
2025-08-02,Brooklyn,212952,182972.0,213091.0,217385.0
2025-08-02,EWR,0,0.0,0.0,0.0
2025-08-02,Manhattan,234492,234524.0,250990.0,261255.0
2025-08-02,Queens,157420,157304.0,167224.0,162936.0
2025-08-02,Staten Island,10810,12097.0,10999.0,10954.0
2025-08-03,Bronx,82174,95509.0,83950.0,82465.0
2025-08-03,Brooklyn,177077,212952.0,181112.0,186872.0
2025-08-03,EWR,0,0.0,0.0,0.0
2025-08-03,Manhattan,205574,234492.0,220797.0,223024.0
2025-08-03,Queens,145466,157420.0,150658.0,152861.0
2025-08-03,Staten Island,8494,10810.0,8498.0,8845.0
2025-08-04,Bronx,76948,82174.0,78995.0,75725.0
2025-08-04,Brooklyn,139693,177077.0,143706.0,139363.0
2025-08-04,EWR,0,0.0,0.0,0.0
2025-08-04,Manhattan,187895,205574.0,210208.0,195622.0
2025-08-04,Queens,132034,145466.0,141614.0,137698.0
2025-08-04,Staten Island,9464,8494.0,9731.0,9645.0
2025-08-05,Bronx,76335,76948.0,81492.0,74913.0
2025-08-05,Brooklyn,141185,139693.0,154901.0,142890.0
2025-08-05,EWR,0,0.0,0.0,0.0
2025-08-05,Manhattan,212021,187895.0,247329.0,212957.0
2025-08-05,Queens,125407,132034.0,133919.0,129123.0
2025-08-05,Staten Island,9779,9464.0,10004.0,9397.0
2025-08-06,Bronx,79238,76335.0,85624.0,78223.0
2025-08-06,Brooklyn,149131,141185.0,163417.0,147195.0
2025-08-06,EWR,0,0.0,0.0,0.0
2025-08-06,Manhattan,227164,212021.0,254393.0,229413.0
2025-08-06,Queens,129786,125407.0,136857.0,132877.0
2025-08-06,Staten Island,9842,9779.0,10312.0,9915.0
2025-08-07,Bronx,84790,79238.0,88497.0,84077.0
2025-08-07,Brooklyn,154760,149131.0,179999.0,161093.0
2025-08-07,EWR,0,0.0,0.0,0.0
2025-08-07,Manhattan,229239,227164.0,256898.0,244682.0
2025-08-07,Queens,134906,129786.0,148045.0,139769.0
2025-08-07,Staten Island,10442,9842.0,11194.0,10858.0
2025-08-08,Bronx,94572,84790.0,94461.0,96542.0
2025-08-08,Brooklyn,178399,154760.0,182972.0,195510.0
2025-08-08,EWR,0,0.0,0.0,0.0
2025-08-08,Manhattan,233353,229239.0,234524.0,264472.0
2025-08-08,Queens,151617,134906.0,157304.0,161810.0
2025-08-08,Staten Island,11497,10442.0,12097.0,12126.0
2025-08-09,Bronx,90366,94572.0,95509.0,94812.0
2025-08-09,Brooklyn,206083,178399.0,212952.0,213091.0
2025-08-09,EWR,0,0.0,0.0,0.0
2025-08-09,Manhattan,233753,233353.0,234492.0,250990.0
2025-08-09,Queens,151486,151617.0,157420.0,167224.0
2025-08-09,Staten Island,10860,11497.0,10810.0,10999.0
2025-08-10,Bronx,78249,90366.0,82174.0,83950.0
2025-08-10,Brooklyn,181139,206083.0,177077.0,181112.0
2025-08-10,EWR,0,0.0,0.0,0.0
2025-08-10,Manhattan,196291,233753.0,205574.0,220797.0
2025-08-10,Queens,146794,151486.0,145466.0,150658.0
2025-08-10,Staten Island,8808,10860.0,8494.0,8498.0
2025-08-11,Bronx,76362,78249.0,76948.0,78995.0
2025-08-11,Brooklyn,136625,181139.0,139693.0,143706.0
2025-08-11,EWR,0,0.0,0.0,0.0
2025-08-11,Manhattan,182171,196291.0,187895.0,210208.0
2025-08-11,Queens,131827,146794.0,132034.0,141614.0
2025-08-11,Staten Island,9236,8808.0,9464.0,9731.0
2025-08-12,Bronx,77176,76362.0,76335.0,81492.0
2025-08-12,Brooklyn,142155,136625.0,141185.0,154901.0
2025-08-12,EWR,0,0.0,0.0,0.0
2025-08-12,Manhattan,206985,182171.0,212021.0,247329.0
2025-08-12,Queens,127543,131827.0,125407.0,133919.0
2025-08-12,Staten Island,9616,9236.0,9779.0,10004.0
2025-08-13,Bronx,85772,77176.0,79238.0,85624.0
2025-08-13,Brooklyn,161107,142155.0,149131.0,163417.0
2025-08-13,EWR,0,0.0,0.0,0.0
2025-08-13,Manhattan,240552,206985.0,227164.0,254393.0
2025-08-13,Queens,137604,127543.0,129786.0,136857.0
2025-08-13,Staten Island,10298,9616.0,9842.0,10312.0
2025-08-14,Bronx,86101,85772.0,84790.0,88497.0
2025-08-14,Brooklyn,162872,161107.0,154760.0,179999.0
2025-08-14,EWR,0,0.0,0.0,0.0
2025-08-14,Manhattan,234508,240552.0,229239.0,256898.0
2025-08-14,Queens,146656,137604.0,134906.0,148045.0
2025-08-14,Staten Island,10528,10298.0,10442.0,11194.0
2025-08-15,Bronx,96690,86101.0,94572.0,94461.0
2025-08-15,Brooklyn,185323,162872.0,178399.0,182972.0
2025-08-15,EWR,0,0.0,0.0,0.0
2025-08-15,Manhattan,235367,234508.0,233353.0,234524.0
2025-08-15,Queens,158130,146656.0,151617.0,157304.0
2025-08-15,Staten Island,11781,10528.0,11497.0,12097.0
2025-08-16,Bronx,92412,96690.0,90366.0,95509.0
2025-08-16,Brooklyn,210913,185323.0,206083.0,212952.0
2025-08-16,EWR,0,0.0,0.0,0.0
2025-08-16,Manhattan,245006,235367.0,233753.0,234492.0
2025-08-16,Queens,158991,158130.0,151486.0,157420.0
2025-08-16,Staten Island,10703,11781.0,10860.0,10810.0
2025-08-17,Bronx,79481,92412.0,78249.0,82174.0
2025-08-17,Brooklyn,188263,210913.0,181139.0,177077.0
2025-08-17,EWR,0,0.0,0.0,0.0
2025-08-17,Manhattan,210456,245006.0,196291.0,205574.0
2025-08-17,Queens,151703,158991.0,146794.0,145466.0
2025-08-17,Staten Island,8830,10703.0,8808.0,8494.0
2025-08-18,Bronx,73349,79481.0,76362.0,76948.0
2025-08-18,Brooklyn,132674,188263.0,136625.0,139693.0
2025-08-18,EWR,0,0.0,0.0,0.0
2025-08-18,Manhattan,173266,210456.0,182171.0,187895.0
2025-08-18,Queens,133510,151703.0,131827.0,132034.0
2025-08-18,Staten Island,8965,8830.0,9236.0,9464.0
2025-08-19,Bronx,72363,73349.0,77176.0,76335.0
2025-08-19,Brooklyn,134968,132674.0,142155.0,141185.0
2025-08-19,EWR,0,0.0,0.0,0.0
2025-08-19,Manhattan,191035,173266.0,206985.0,212021.0
2025-08-19,Queens,125239,133510.0,127543.0,125407.0
2025-08-19,Staten Island,9146,8965.0,9616.0,9779.0
2025-08-20,Bronx,81518,72363.0,85772.0,79238.0
2025-08-20,Brooklyn,170191,134968.0,161107.0,149131.0
2025-08-20,EWR,1,0.0,0.0,0.0
2025-08-20,Manhattan,237776,191035.0,240552.0,227164.0
2025-08-20,Queens,141434,125239.0,137604.0,129786.0
2025-08-20,Staten Island,9962,9146.0,10298.0,9842.0
2025-08-21,Bronx,80632,81518.0,86101.0,84790.0
2025-08-21,Brooklyn,155988,170191.0,162872.0,154760.0
2025-08-21,EWR,0,1.0,0.0,0.0
2025-08-21,Manhattan,222005,237776.0,234508.0,229239.0
2025-08-21,Queens,139191,141434.0,146656.0,134906.0
2025-08-21,Staten Island,9736,9962.0,10528.0,10442.0
2025-08-22,Bronx,90754,80632.0,96690.0,94572.0
2025-08-22,Brooklyn,175262,155988.0,185323.0,178399.0
2025-08-22,EWR,0,0.0,0.0,0.0
2025-08-22,Manhattan,231540,222005.0,235367.0,233353.0
2025-08-22,Queens,152348,139191.0,158130.0,151617.0
2025-08-22,Staten Island,11006,9736.0,11781.0,11497.0
2025-08-23,Bronx,88271,90754.0,92412.0,90366.0
2025-08-23,Brooklyn,203891,175262.0,210913.0,206083.0
2025-08-23,EWR,1,0.0,0.0,0.0
2025-08-23,Manhattan,256043,231540.0,245006.0,233753.0
2025-08-23,Queens,158932,152348.0,158991.0,151486.0
2025-08-23,Staten Island,10158,11006.0,10703.0,10860.0
2025-08-24,Bronx,74589,88271.0,79481.0,78249.0
2025-08-24,Brooklyn,174705,203891.0,188263.0,181139.0
2025-08-24,EWR,0,1.0,0.0,0.0
2025-08-24,Manhattan,212339,256043.0,210456.0,196291.0
2025-08-24,Queens,149236,158932.0,151703.0,146794.0
2025-08-24,Staten Island,8082,10158.0,8830.0,8808.0
2025-08-25,Bronx,72805,74589.0,73349.0,76362.0
2025-08-25,Brooklyn,134491,174705.0,132674.0,136625.0
2025-08-25,EWR,0,0.0,0.0,0.0
2025-08-25,Manhattan,178383,212339.0,173266.0,182171.0
2025-08-25,Queens,136162,149236.0,133510.0,131827.0
2025-08-25,Staten Island,8974,8082.0,8965.0,9236.0
2025-08-26,Bronx,72306,72805.0,72363.0,77176.0
2025-08-26,Brooklyn,133103,134491.0,134968.0,142155.0
2025-08-26,EWR,0,0.0,0.0,0.0
2025-08-26,Manhattan,191816,178383.0,191035.0,206985.0
2025-08-26,Queens,127685,136162.0,125239.0,127543.0
2025-08-26,Staten Island,8877,8974.0,9146.0,9616.0
2025-08-27,Bronx,75866,72306.0,81518.0,85772.0
2025-08-27,Brooklyn,142543,133103.0,170191.0,161107.0
2025-08-27,EWR,0,0.0,1.0,0.0
2025-08-27,Manhattan,202682,191816.0,237776.0,240552.0
2025-08-27,Queens,131854,127685.0,141434.0,137604.0
2025-08-27,Staten Island,9303,8877.0,9962.0,10298.0
2025-08-28,Bronx,82059,75866.0,80632.0,86101.0
2025-08-28,Brooklyn,160873,142543.0,155988.0,162872.0
2025-08-28,EWR,0,0.0,0.0,0.0
2025-08-28,Manhattan,214057,202682.0,222005.0,234508.0
2025-08-28,Queens,139884,131854.0,139191.0,146656.0
2025-08-28,Staten Island,10093,9303.0,9736.0,10528.0
2025-08-29,Bronx,91800,82059.0,90754.0,96690.0
2025-08-29,Brooklyn,183065,160873.0,175262.0,185323.0
2025-08-29,EWR,0,0.0,0.0,0.0
2025-08-29,Manhattan,224603,214057.0,231540.0,235367.0
2025-08-29,Queens,156016,139884.0,152348.0,158130.0
2025-08-29,Staten Island,10910,10093.0,11006.0,11781.0
2025-08-30,Bronx,88836,91800.0,88271.0,92412.0
2025-08-30,Brooklyn,204661,183065.0,203891.0,210913.0
2025-08-30,EWR,0,0.0,1.0,0.0
2025-08-30,Manhattan,239152,224603.0,256043.0,245006.0
2025-08-30,Queens,156334,156016.0,158932.0,158991.0
2025-08-30,Staten Island,10390,10910.0,10158.0,10703.0
2025-08-31,Bronx,78743,88836.0,74589.0,79481.0
2025-08-31,Brooklyn,194228,204661.0,174705.0,188263.0
2025-08-31,EWR,0,0.0,0.0,0.0
2025-08-31,Manhattan,213827,239152.0,212339.0,210456.0
2025-08-31,Queens,151160,156334.0,149236.0,151703.0
2025-08-31,Staten Island,8541,10390.0,8082.0,8830.0
2025-09-01,Bronx,61516,78743.0,72805.0,73349.0
2025-09-01,Brooklyn,154978,194228.0,134491.0,132674.0
2025-09-01,EWR,0,0.0,0.0,0.0
2025-09-01,Manhattan,171578,213827.0,178383.0,173266.0
2025-09-01,Queens,133394,151160.0,136162.0,133510.0
2025-09-01,Staten Island,7022,8541.0,8974.0,8965.0
2025-09-02,Bronx,73393,61516.0,72306.0,72363.0
2025-09-02,Brooklyn,143147,154978.0,133103.0,134968.0
2025-09-02,EWR,0,0.0,0.0,0.0
2025-09-02,Manhattan,198396,171578.0,191816.0,191035.0
2025-09-02,Queens,135625,133394.0,127685.0,125239.0
2025-09-02,Staten Island,9286,7022.0,8877.0,9146.0
2025-09-03,Bronx,76815,73393.0,75866.0,81518.0
2025-09-03,Brooklyn,149708,143147.0,142543.0,170191.0
2025-09-03,EWR,0,0.0,0.0,1.0
2025-09-03,Manhattan,224119,198396.0,202682.0,237776.0
2025-09-03,Queens,130870,135625.0,131854.0,141434.0
2025-09-03,Staten Island,9994,9286.0,9303.0,9962.0
2025-09-04,Bronx,81852,76815.0,82059.0,80632.0
2025-09-04,Brooklyn,159498,149708.0,160873.0,155988.0
2025-09-04,EWR,0,0.0,0.0,0.0
2025-09-04,Manhattan,255734,224119.0,214057.0,222005.0
2025-09-04,Queens,136888,130870.0,139884.0,139191.0
2025-09-04,Staten Island,10655,9994.0,10093.0,9736.0
2025-09-05,Bronx,91660,81852.0,91800.0,90754.0
2025-09-05,Brooklyn,181635,159498.0,183065.0,175262.0
2025-09-05,EWR,0,0.0,0.0,0.0
2025-09-05,Manhattan,267654,255734.0,224603.0,231540.0
2025-09-05,Queens,158032,136888.0,156016.0,152348.0
2025-09-05,Staten Island,11426,10655.0,10910.0,11006.0
2025-09-06,Bronx,83857,91660.0,88836.0,88271.0
2025-09-06,Brooklyn,214523,181635.0,204661.0,203891.0
2025-09-06,EWR,0,0.0,0.0,1.0
2025-09-06,Manhattan,302181,267654.0,239152.0,256043.0
2025-09-06,Queens,152715,158032.0,156334.0,158932.0
2025-09-06,Staten Island,10415,11426.0,10390.0,10158.0
2025-09-07,Bronx,71698,83857.0,78743.0,74589.0
2025-09-07,Brooklyn,181363,214523.0,194228.0,174705.0
2025-09-07,EWR,0,0.0,0.0,0.0
2025-09-07,Manhattan,242067,302181.0,213827.0,212339.0
2025-09-07,Queens,146505,152715.0,151160.0,149236.0
2025-09-07,Staten Island,8151,10415.0,8541.0,8082.0
2025-09-08,Bronx,72344,71698.0,61516.0,72805.0
2025-09-08,Brooklyn,139249,181363.0,154978.0,134491.0
2025-09-08,EWR,0,0.0,0.0,0.0
2025-09-08,Manhattan,211623,242067.0,171578.0,178383.0
2025-09-08,Queens,131473,146505.0,133394.0,136162.0
2025-09-08,Staten Island,9367,8151.0,7022.0,8974.0
2025-09-09,Bronx,74238,72344.0,73393.0,72306.0
2025-09-09,Brooklyn,142545,139249.0,143147.0,133103.0
2025-09-09,EWR,0,0.0,0.0,0.0
2025-09-09,Manhattan,234353,211623.0,198396.0,191816.0
2025-09-09,Queens,125065,131473.0,135625.0,127685.0
2025-09-09,Staten Island,9218,9367.0,9286.0,8877.0
2025-09-10,Bronx,79231,74238.0,76815.0,75866.0
2025-09-10,Brooklyn,156629,142545.0,149708.0,142543.0
2025-09-10,EWR,0,0.0,0.0,0.0
2025-09-10,Manhattan,268660,234353.0,224119.0,202682.0
2025-09-10,Queens,133085,125065.0,130870.0,131854.0
2025-09-10,Staten Island,9790,9218.0,9994.0,9303.0
2025-09-11,Bronx,83344,79231.0,81852.0,82059.0
2025-09-11,Brooklyn,164879,156629.0,159498.0,160873.0
2025-09-11,EWR,0,0.0,0.0,0.0
2025-09-11,Manhattan,264450,268660.0,255734.0,214057.0
2025-09-11,Queens,139239,133085.0,136888.0,139884.0
2025-09-11,Staten Island,10765,9790.0,10655.0,10093.0
2025-09-12,Bronx,92632,83344.0,91660.0,91800.0
2025-09-12,Brooklyn,189255,164879.0,181635.0,183065.0
2025-09-12,EWR,0,0.0,0.0,0.0
2025-09-12,Manhattan,275505,264450.0,267654.0,224603.0
2025-09-12,Queens,155568,139239.0,158032.0,156016.0
2025-09-12,Staten Island,11657,10765.0,11426.0,10910.0
2025-09-13,Bronx,91286,92632.0,83857.0,88836.0
2025-09-13,Brooklyn,228145,189255.0,214523.0,204661.0
2025-09-13,EWR,0,0.0,0.0,0.0
2025-09-13,Manhattan,306857,275505.0,302181.0,239152.0
2025-09-13,Queens,155678,155568.0,152715.0,156334.0
2025-09-13,Staten Island,11015,11657.0,10415.0,10390.0
2025-09-14,Bronx,80854,91286.0,71698.0,78743.0
2025-09-14,Brooklyn,199932,228145.0,181363.0,194228.0
2025-09-14,EWR,0,0.0,0.0,0.0
2025-09-14,Manhattan,252522,306857.0,242067.0,213827.0
2025-09-14,Queens,149787,155678.0,146505.0,151160.0
2025-09-14,Staten Island,8905,11015.0,8151.0,8541.0
2025-09-15,Bronx,74577,80854.0,72344.0,61516.0
2025-09-15,Brooklyn,146361,199932.0,139249.0,154978.0
2025-09-15,EWR,0,0.0,0.0,0.0
2025-09-15,Manhattan,224060,252522.0,211623.0,171578.0
2025-09-15,Queens,133305,149787.0,131473.0,133394.0
2025-09-15,Staten Island,9423,8905.0,9367.0,7022.0
2025-09-16,Bronx,74862,74577.0,74238.0,73393.0
2025-09-16,Brooklyn,148432,146361.0,142545.0,143147.0
2025-09-16,EWR,0,0.0,0.0,0.0
2025-09-16,Manhattan,241685,224060.0,234353.0,198396.0
2025-09-16,Queens,126878,133305.0,125065.0,135625.0
2025-09-16,Staten Island,9598,9423.0,9218.0,9286.0
2025-09-17,Bronx,78524,74862.0,79231.0,76815.0
2025-09-17,Brooklyn,162580,148432.0,156629.0,149708.0
2025-09-17,EWR,0,0.0,0.0,0.0
2025-09-17,Manhattan,259246,241685.0,268660.0,224119.0
2025-09-17,Queens,132895,126878.0,133085.0,130870.0
2025-09-17,Staten Island,10422,9598.0,9790.0,9994.0
2025-09-18,Bronx,83577,78524.0,83344.0,81852.0
2025-09-18,Brooklyn,169703,162580.0,164879.0,159498.0
2025-09-18,EWR,0,0.0,0.0,0.0
2025-09-18,Manhattan,260972,259246.0,264450.0,255734.0
2025-09-18,Queens,142221,132895.0,139239.0,136888.0
2025-09-18,Staten Island,10608,10422.0,10765.0,10655.0
2025-09-19,Bronx,93459,83577.0,92632.0,91660.0
2025-09-19,Brooklyn,191087,169703.0,189255.0,181635.0
2025-09-19,EWR,0,0.0,0.0,0.0
2025-09-19,Manhattan,270509,260972.0,275505.0,267654.0
2025-09-19,Queens,160220,142221.0,155568.0,158032.0
2025-09-19,Staten Island,11959,10608.0,11657.0,11426.0
2025-09-20,Bronx,87567,93459.0,91286.0,83857.0
2025-09-20,Brooklyn,216905,191087.0,228145.0,214523.0
2025-09-20,EWR,0,0.0,0.0,0.0
2025-09-20,Manhattan,294432,270509.0,306857.0,302181.0
2025-09-20,Queens,159924,160220.0,155678.0,152715.0
2025-09-20,Staten Island,10964,11959.0,11015.0,10415.0
2025-09-21,Bronx,74747,87567.0,80854.0,71698.0
2025-09-21,Brooklyn,188201,216905.0,199932.0,181363.0
2025-09-21,EWR,0,0.0,0.0,0.0
2025-09-21,Manhattan,242519,294432.0,252522.0,242067.0
2025-09-21,Queens,152437,159924.0,149787.0,146505.0
2025-09-21,Staten Island,8366,10964.0,8905.0,8151.0
2025-09-22,Bronx,70638,74747.0,74577.0,72344.0
2025-09-22,Brooklyn,137315,188201.0,146361.0,139249.0
2025-09-22,EWR,0,0.0,0.0,0.0
2025-09-22,Manhattan,200675,242519.0,224060.0,211623.0
2025-09-22,Queens,128183,152437.0,133305.0,131473.0
2025-09-22,Staten Island,8860,8366.0,9423.0,9367.0
2025-09-23,Bronx,67690,70638.0,74862.0,74238.0
2025-09-23,Brooklyn,127409,137315.0,148432.0,142545.0
2025-09-23,EWR,0,0.0,0.0,0.0
2025-09-23,Manhattan,201756,200675.0,241685.0,234353.0
2025-09-23,Queens,117134,128183.0,126878.0,125065.0
2025-09-23,Staten Island,8492,8860.0,9598.0,9218.0
2025-09-24,Bronx,73093,67690.0,78524.0,79231.0
2025-09-24,Brooklyn,141309,127409.0,162580.0,156629.0
2025-09-24,EWR,0,0.0,0.0,0.0
2025-09-24,Manhattan,233475,201756.0,259246.0,268660.0
2025-09-24,Queens,128496,117134.0,132895.0,133085.0
2025-09-24,Staten Island,8931,8492.0,10422.0,9790.0
2025-09-25,Bronx,84319,73093.0,83577.0,83344.0
2025-09-25,Brooklyn,168618,141309.0,169703.0,164879.0
2025-09-25,EWR,0,0.0,0.0,0.0
2025-09-25,Manhattan,267308,233475.0,260972.0,264450.0
2025-09-25,Queens,143727,128496.0,142221.0,139239.0
2025-09-25,Staten Island,10571,8931.0,10608.0,10765.0
2025-09-26,Bronx,93314,84319.0,93459.0,92632.0
2025-09-26,Brooklyn,189927,168618.0,191087.0,189255.0
2025-09-26,EWR,0,0.0,0.0,0.0
2025-09-26,Manhattan,262909,267308.0,270509.0,275505.0
2025-09-26,Queens,158650,143727.0,160220.0,155568.0
2025-09-26,Staten Island,11703,10571.0,11959.0,11657.0
2025-09-27,Bronx,90900,93314.0,87567.0,91286.0
2025-09-27,Brooklyn,225527,189927.0,216905.0,228145.0
2025-09-27,EWR,0,0.0,0.0,0.0
2025-09-27,Manhattan,300205,262909.0,294432.0,306857.0
2025-09-27,Queens,158555,158650.0,159924.0,155678.0
2025-09-27,Staten Island,10587,11703.0,10964.0,11015.0
2025-09-28,Bronx,78246,90900.0,74747.0,80854.0
2025-09-28,Brooklyn,193383,225527.0,188201.0,199932.0
2025-09-28,EWR,2,0.0,0.0,0.0
2025-09-28,Manhattan,240204,300205.0,242519.0,252522.0
2025-09-28,Queens,150787,158555.0,152437.0,149787.0
2025-09-28,Staten Island,8722,10587.0,8366.0,8905.0
2025-09-29,Bronx,73785,78246.0,70638.0,74577.0
2025-09-29,Brooklyn,142222,193383.0,137315.0,146361.0
2025-09-29,EWR,0,2.0,0.0,0.0
2025-09-29,Manhattan,207031,240204.0,200675.0,224060.0
2025-09-29,Queens,132543,150787.0,128183.0,133305.0
2025-09-29,Staten Island,9226,8722.0,8860.0,9423.0
2025-09-30,Bronx,77615,73785.0,67690.0,74862.0
2025-09-30,Brooklyn,147064,142222.0,127409.0,148432.0
2025-09-30,EWR,0,0.0,0.0,0.0
2025-09-30,Manhattan,225307,207031.0,201756.0,241685.0
2025-09-30,Queens,127071,132543.0,117134.0,126878.0
2025-09-30,Staten Island,9615,9226.0,8492.0,9598.0
2025-10-01,Bronx,82146,77615.0,73093.0,78524.0
2025-10-01,Brooklyn,152404,147064.0,141309.0,162580.0
2025-10-01,EWR,0,0.0,0.0,0.0
2025-10-01,Manhattan,229041,225307.0,233475.0,259246.0
2025-10-01,Queens,128235,127071.0,128496.0,132895.0
2025-10-01,Staten Island,10101,9615.0,8931.0,10422.0
2025-10-02,Bronx,81522,82146.0,84319.0,83577.0
2025-10-02,Brooklyn,153517,152404.0,168618.0,169703.0
2025-10-02,EWR,0,0.0,0.0,0.0
2025-10-02,Manhattan,238315,229041.0,267308.0,260972.0
2025-10-02,Queens,128116,128235.0,143727.0,142221.0
2025-10-02,Staten Island,9375,10101.0,10571.0,10608.0
2025-10-03,Bronx,95673,81522.0,93314.0,93459.0
2025-10-03,Brooklyn,190229,153517.0,189927.0,191087.0
2025-10-03,EWR,0,0.0,0.0,0.0
2025-10-03,Manhattan,262788,238315.0,262909.0,270509.0
2025-10-03,Queens,150924,128116.0,158650.0,160220.0
2025-10-03,Staten Island,11971,9375.0,11703.0,11959.0
2025-10-04,Bronx,93756,95673.0,90900.0,87567.0
2025-10-04,Brooklyn,221393,190229.0,225527.0,216905.0
2025-10-04,EWR,0,0.0,0.0,0.0
2025-10-04,Manhattan,292985,262788.0,300205.0,294432.0
2025-10-04,Queens,153295,150924.0,158555.0,159924.0
2025-10-04,Staten Island,11051,11971.0,10587.0,10964.0
2025-10-05,Bronx,78839,93756.0,78246.0,74747.0
2025-10-05,Brooklyn,189737,221393.0,193383.0,188201.0
2025-10-05,EWR,0,0.0,2.0,0.0
2025-10-05,Manhattan,235202,292985.0,240204.0,242519.0
2025-10-05,Queens,148029,153295.0,150787.0,152437.0
2025-10-05,Staten Island,8586,11051.0,8722.0,8366.0
2025-10-06,Bronx,76113,78839.0,73785.0,70638.0
2025-10-06,Brooklyn,139751,189737.0,142222.0,137315.0
2025-10-06,EWR,0,0.0,0.0,0.0
2025-10-06,Manhattan,209463,235202.0,207031.0,200675.0
2025-10-06,Queens,136413,148029.0,132543.0,128183.0
2025-10-06,Staten Island,9549,8586.0,9226.0,8860.0
2025-10-07,Bronx,78265,76113.0,77615.0,67690.0
2025-10-07,Brooklyn,139167,139751.0,147064.0,127409.0
2025-10-07,EWR,0,0.0,0.0,0.0
2025-10-07,Manhattan,238018,209463.0,225307.0,201756.0
2025-10-07,Queens,127411,136413.0,127071.0,117134.0
2025-10-07,Staten Island,9492,9549.0,9615.0,8492.0
2025-10-08,Bronx,86803,78265.0,82146.0,73093.0
2025-10-08,Brooklyn,155484,139167.0,152404.0,141309.0
2025-10-08,EWR,0,0.0,0.0,0.0
2025-10-08,Manhattan,273871,238018.0,229041.0,233475.0
2025-10-08,Queens,138489,127411.0,128235.0,128496.0
2025-10-08,Staten Island,10495,9492.0,10101.0,8931.0
2025-10-09,Bronx,89230,86803.0,81522.0,84319.0
2025-10-09,Brooklyn,175370,155484.0,153517.0,168618.0
2025-10-09,EWR,0,0.0,0.0,0.0
2025-10-09,Manhattan,265567,273871.0,238315.0,267308.0
2025-10-09,Queens,145900,138489.0,128116.0,143727.0
2025-10-09,Staten Island,11133,10495.0,9375.0,10571.0
2025-10-10,Bronx,98763,89230.0,95673.0,93314.0
2025-10-10,Brooklyn,197658,175370.0,190229.0,189927.0
2025-10-10,EWR,0,0.0,0.0,0.0
2025-10-10,Manhattan,279395,265567.0,262788.0,262909.0
2025-10-10,Queens,160245,145900.0,150924.0,158650.0
2025-10-10,Staten Island,12501,11133.0,11971.0,11703.0
2025-10-11,Bronx,92874,98763.0,93756.0,90900.0
2025-10-11,Brooklyn,231778,197658.0,221393.0,225527.0
2025-10-11,EWR,0,0.0,0.0,0.0
2025-10-11,Manhattan,317122,279395.0,292985.0,300205.0
2025-10-11,Queens,154825,160245.0,153295.0,158555.0
2025-10-11,Staten Island,10999,12501.0,11051.0,10587.0
2025-10-12,Bronx,78887,92874.0,78839.0,78246.0
2025-10-12,Brooklyn,209194,231778.0,189737.0,193383.0
2025-10-12,EWR,0,0.0,0.0,2.0
2025-10-12,Manhattan,272231,317122.0,235202.0,240204.0
2025-10-12,Queens,147654,154825.0,148029.0,150787.0
2025-10-12,Staten Island,8694,10999.0,8586.0,8722.0
2025-10-13,Bronx,69910,78887.0,76113.0,73785.0
2025-10-13,Brooklyn,150871,209194.0,139751.0,142222.0
2025-10-13,EWR,1,0.0,0.0,0.0
2025-10-13,Manhattan,227181,272231.0,209463.0,207031.0
2025-10-13,Queens,134960,147654.0,136413.0,132543.0
2025-10-13,Staten Island,8171,8694.0,9549.0,9226.0
2025-10-14,Bronx,78539,69910.0,78265.0,77615.0
2025-10-14,Brooklyn,143088,150871.0,139167.0,147064.0
2025-10-14,EWR,0,1.0,0.0,0.0
2025-10-14,Manhattan,245359,227181.0,238018.0,225307.0
2025-10-14,Queens,137901,134960.0,127411.0,127071.0
2025-10-14,Staten Island,9778,8171.0,9492.0,9615.0
2025-10-15,Bronx,82525,78539.0,86803.0,82146.0
2025-10-15,Brooklyn,155051,143088.0,155484.0,152404.0
2025-10-15,EWR,0,0.0,0.0,0.0
2025-10-15,Manhattan,260233,245359.0,273871.0,229041.0
2025-10-15,Queens,137693,137901.0,138489.0,128235.0
2025-10-15,Staten Island,10343,9778.0,10495.0,10101.0
2025-10-16,Bronx,89540,82525.0,89230.0,81522.0
2025-10-16,Brooklyn,180523,155051.0,175370.0,153517.0
2025-10-16,EWR,0,0.0,0.0,0.0
2025-10-16,Manhattan,275353,260233.0,265567.0,238315.0
2025-10-16,Queens,146027,137693.0,145900.0,128116.0
2025-10-16,Staten Island,11017,10343.0,11133.0,9375.0
2025-10-17,Bronx,99388,89540.0,98763.0,95673.0
2025-10-17,Brooklyn,204407,180523.0,197658.0,190229.0
2025-10-17,EWR,0,0.0,0.0,0.0
2025-10-17,Manhattan,285432,275353.0,279395.0,262788.0
2025-10-17,Queens,161044,146027.0,160245.0,150924.0
2025-10-17,Staten Island,12424,11017.0,12501.0,11971.0
2025-10-18,Bronx,95818,99388.0,92874.0,93756.0
2025-10-18,Brooklyn,227448,204407.0,231778.0,221393.0
2025-10-18,EWR,0,0.0,0.0,0.0
2025-10-18,Manhattan,300207,285432.0,317122.0,292985.0
2025-10-18,Queens,165196,161044.0,154825.0,153295.0
2025-10-18,Staten Island,11567,12424.0,10999.0,11051.0
2025-10-19,Bronx,82768,95818.0,78887.0,78839.0
2025-10-19,Brooklyn,196739,227448.0,209194.0,189737.0
2025-10-19,EWR,0,0.0,0.0,0.0
2025-10-19,Manhattan,249534,300207.0,272231.0,235202.0
2025-10-19,Queens,155932,165196.0,147654.0,148029.0
2025-10-19,Staten Island,9051,11567.0,8694.0,8586.0
2025-10-20,Bronx,74763,82768.0,69910.0,76113.0
2025-10-20,Brooklyn,147217,196739.0,150871.0,139751.0
2025-10-20,EWR,0,0.0,1.0,0.0
2025-10-20,Manhattan,220851,249534.0,227181.0,209463.0
2025-10-20,Queens,135529,155932.0,134960.0,136413.0
2025-10-20,Staten Island,8989,9051.0,8171.0,9549.0
2025-10-21,Bronx,78848,74763.0,78539.0,78265.0
2025-10-21,Brooklyn,150840,147217.0,143088.0,139167.0
2025-10-21,EWR,0,0.0,0.0,0.0
2025-10-21,Manhattan,235031,220851.0,245359.0,238018.0
2025-10-21,Queens,132915,135529.0,137901.0,127411.0
2025-10-21,Staten Island,9857,8989.0,9778.0,9492.0
2025-10-22,Bronx,83095,78848.0,82525.0,86803.0
2025-10-22,Brooklyn,161542,150840.0,155051.0,155484.0
2025-10-22,EWR,0,0.0,0.0,0.0
2025-10-22,Manhattan,255553,235031.0,260233.0,273871.0
2025-10-22,Queens,137186,132915.0,137693.0,138489.0
2025-10-22,Staten Island,10536,9857.0,10343.0,10495.0
2025-10-23,Bronx,90292,83095.0,89540.0,89230.0
2025-10-23,Brooklyn,175004,161542.0,180523.0,175370.0
2025-10-23,EWR,0,0.0,0.0,0.0
2025-10-23,Manhattan,272166,255553.0,275353.0,265567.0
2025-10-23,Queens,144931,137186.0,146027.0,145900.0
2025-10-23,Staten Island,11044,10536.0,11017.0,11133.0
2025-10-24,Bronx,100179,90292.0,99388.0,98763.0
2025-10-24,Brooklyn,207464,175004.0,204407.0,197658.0
2025-10-24,EWR,0,0.0,0.0,0.0
2025-10-24,Manhattan,282802,272166.0,285432.0,279395.0
2025-10-24,Queens,163294,144931.0,161044.0,160245.0
2025-10-24,Staten Island,12459,11044.0,12424.0,12501.0
2025-10-25,Bronx,95651,100179.0,95818.0,92874.0
2025-10-25,Brooklyn,240231,207464.0,227448.0,231778.0
2025-10-25,EWR,0,0.0,0.0,0.0
2025-10-25,Manhattan,316147,282802.0,300207.0,317122.0
2025-10-25,Queens,166415,163294.0,165196.0,154825.0
2025-10-25,Staten Island,11668,12459.0,11567.0,10999.0
2025-10-26,Bronx,80702,95651.0,82768.0,78887.0
2025-10-26,Brooklyn,204062,240231.0,196739.0,209194.0
2025-10-26,EWR,0,0.0,0.0,0.0
2025-10-26,Manhattan,258516,316147.0,249534.0,272231.0
2025-10-26,Queens,155626,166415.0,155932.0,147654.0
2025-10-26,Staten Island,9347,11668.0,9051.0,8694.0
2025-10-27,Bronx,77736,80702.0,74763.0,69910.0
2025-10-27,Brooklyn,154198,204062.0,147217.0,150871.0
2025-10-27,EWR,0,0.0,0.0,1.0
2025-10-27,Manhattan,217317,258516.0,220851.0,227181.0
2025-10-27,Queens,137063,155626.0,135529.0,134960.0
2025-10-27,Staten Island,9856,9347.0,8989.0,8171.0
2025-10-28,Bronx,78286,77736.0,78848.0,78539.0
2025-10-28,Brooklyn,156800,154198.0,150840.0,143088.0
2025-10-28,EWR,0,0.0,0.0,0.0
2025-10-28,Manhattan,243834,217317.0,235031.0,245359.0
2025-10-28,Queens,130875,137063.0,132915.0,137901.0
2025-10-28,Staten Island,9836,9856.0,9857.0,9778.0
2025-10-29,Bronx,81518,78286.0,83095.0,82525.0
2025-10-29,Brooklyn,166529,156800.0,161542.0,155051.0
2025-10-29,EWR,0,0.0,0.0,0.0
2025-10-29,Manhattan,262018,243834.0,255553.0,260233.0
2025-10-29,Queens,135402,130875.0,137186.0,137693.0
2025-10-29,Staten Island,10432,9836.0,10536.0,10343.0
2025-10-30,Bronx,97738,81518.0,90292.0,89540.0
2025-10-30,Brooklyn,206156,166529.0,175004.0,180523.0
2025-10-30,EWR,0,0.0,0.0,0.0
2025-10-30,Manhattan,301490,262018.0,272166.0,275353.0
2025-10-30,Queens,164401,135402.0,144931.0,146027.0
2025-10-30,Staten Island,12158,10432.0,11044.0,11017.0
2025-10-31,Bronx,109066,97738.0,100179.0,99388.0
2025-10-31,Brooklyn,247804,206156.0,207464.0,204407.0
2025-10-31,EWR,0,0.0,0.0,0.0
2025-10-31,Manhattan,294824,301490.0,282802.0,285432.0
2025-10-31,Queens,190046,164401.0,163294.0,161044.0
2025-10-31,Staten Island,14680,12158.0,12459.0,12424.0
2025-11-01,Bronx,98179,109066.0,95651.0,95818.0
2025-11-01,Brooklyn,274933,247804.0,240231.0,227448.0
2025-11-01,EWR,0,0.0,0.0,0.0
2025-11-01,Manhattan,362886,294824.0,316147.0,300207.0
2025-11-01,Queens,180126,190046.0,166415.0,165196.0
2025-11-01,Staten Island,12402,14680.0,11668.0,11567.0
2025-11-02,Bronx,78293,98179.0,80702.0,82768.0
2025-11-02,Brooklyn,205219,274933.0,204062.0,196739.0
2025-11-02,EWR,0,0.0,0.0,0.0
2025-11-02,Manhattan,269474,362886.0,258516.0,249534.0
2025-11-02,Queens,149599,180126.0,155626.0,155932.0
2025-11-02,Staten Island,9534,12402.0,9347.0,9051.0
2025-11-03,Bronx,77347,78293.0,77736.0,74763.0
2025-11-03,Brooklyn,151919,205219.0,154198.0,147217.0
2025-11-03,EWR,1,0.0,0.0,0.0
2025-11-03,Manhattan,223793,269474.0,217317.0,220851.0
2025-11-03,Queens,132443,149599.0,137063.0,135529.0
2025-11-03,Staten Island,9965,9534.0,9856.0,8989.0
2025-11-04,Bronx,73648,77347.0,78286.0,78848.0
2025-11-04,Brooklyn,154064,151919.0,156800.0,150840.0
2025-11-04,EWR,0,1.0,0.0,0.0
2025-11-04,Manhattan,233462,223793.0,243834.0,235031.0
2025-11-04,Queens,124613,132443.0,130875.0,132915.0
2025-11-04,Staten Island,9496,9965.0,9836.0,9857.0
2025-11-05,Bronx,80324,73648.0,81518.0,83095.0
2025-11-05,Brooklyn,161479,154064.0,166529.0,161542.0
2025-11-05,EWR,0,0.0,0.0,0.0
2025-11-05,Manhattan,254470,233462.0,262018.0,255553.0
2025-11-05,Queens,135321,124613.0,135402.0,137186.0
2025-11-05,Staten Island,10416,9496.0,10432.0,10536.0
2025-11-06,Bronx,88133,80324.0,97738.0,90292.0
2025-11-06,Brooklyn,177296,161479.0,206156.0,175004.0
2025-11-06,EWR,0,0.0,0.0,0.0
2025-11-06,Manhattan,283449,254470.0,301490.0,272166.0
2025-11-06,Queens,142104,135321.0,164401.0,144931.0
2025-11-06,Staten Island,10998,10416.0,12158.0,11044.0
2025-11-07,Bronx,97696,88133.0,109066.0,100179.0
2025-11-07,Brooklyn,199199,177296.0,247804.0,207464.0
2025-11-07,EWR,0,0.0,0.0,0.0
2025-11-07,Manhattan,287140,283449.0,294824.0,282802.0
2025-11-07,Queens,158146,142104.0,190046.0,163294.0
2025-11-07,Staten Island,12060,10998.0,14680.0,12459.0
2025-11-08,Bronx,91120,97696.0,98179.0,95651.0
2025-11-08,Brooklyn,224485,199199.0,274933.0,240231.0
2025-11-08,EWR,0,0.0,0.0,0.0
2025-11-08,Manhattan,309848,287140.0,362886.0,316147.0
2025-11-08,Queens,156059,158146.0,180126.0,166415.0
2025-11-08,Staten Island,11082,12060.0,12402.0,11668.0
2025-11-09,Bronx,78132,91120.0,78293.0,80702.0
2025-11-09,Brooklyn,199822,224485.0,205219.0,204062.0
2025-11-09,EWR,0,0.0,0.0,0.0
2025-11-09,Manhattan,262439,309848.0,269474.0,258516.0
2025-11-09,Queens,144867,156059.0,149599.0,155626.0
2025-11-09,Staten Island,8693,11082.0,9534.0,9347.0
2025-11-10,Bronx,82526,78132.0,77347.0,77736.0
2025-11-10,Brooklyn,163440,199822.0,151919.0,154198.0
2025-11-10,EWR,0,0.0,1.0,0.0
2025-11-10,Manhattan,240653,262439.0,223793.0,217317.0
2025-11-10,Queens,145074,144867.0,132443.0,137063.0
2025-11-10,Staten Island,10218,8693.0,9965.0,9856.0
2025-11-11,Bronx,72838,82526.0,73648.0,78286.0
2025-11-11,Brooklyn,162983,163440.0,154064.0,156800.0
2025-11-11,EWR,0,0.0,0.0,0.0
2025-11-11,Manhattan,244830,240653.0,233462.0,243834.0
2025-11-11,Queens,130805,145074.0,124613.0,130875.0
2025-11-11,Staten Island,9258,10218.0,9496.0,9836.0
2025-11-12,Bronx,82212,72838.0,80324.0,81518.0
2025-11-12,Brooklyn,163767,162983.0,161479.0,166529.0
2025-11-12,EWR,0,0.0,0.0,0.0
2025-11-12,Manhattan,259314,244830.0,254470.0,262018.0
2025-11-12,Queens,135443,130805.0,135321.0,135402.0
2025-11-12,Staten Island,10570,9258.0,10416.0,10432.0
2025-11-13,Bronx,89761,82212.0,88133.0,97738.0
2025-11-13,Brooklyn,179892,163767.0,177296.0,206156.0
2025-11-13,EWR,0,0.0,0.0,0.0
2025-11-13,Manhattan,286036,259314.0,283449.0,301490.0
2025-11-13,Queens,143932,135443.0,142104.0,164401.0
2025-11-13,Staten Island,11152,10570.0,10998.0,12158.0
2025-11-14,Bronx,100113,89761.0,97696.0,109066.0
2025-11-14,Brooklyn,204998,179892.0,199199.0,247804.0
2025-11-14,EWR,0,0.0,0.0,0.0
2025-11-14,Manhattan,299831,286036.0,287140.0,294824.0
2025-11-14,Queens,159777,143932.0,158146.0,190046.0
2025-11-14,Staten Island,12566,11152.0,12060.0,14680.0
2025-11-15,Bronx,99940,100113.0,91120.0,98179.0
2025-11-15,Brooklyn,238209,204998.0,224485.0,274933.0
2025-11-15,EWR,0,0.0,0.0,0.0
2025-11-15,Manhattan,329571,299831.0,309848.0,362886.0
2025-11-15,Queens,160220,159777.0,156059.0,180126.0
2025-11-15,Staten Island,11329,12566.0,11082.0,12402.0
2025-11-16,Bronx,84633,99940.0,78132.0,78293.0
2025-11-16,Brooklyn,208790,238209.0,199822.0,205219.0
2025-11-16,EWR,0,0.0,0.0,0.0
2025-11-16,Manhattan,264050,329571.0,262439.0,269474.0
2025-11-16,Queens,150342,160220.0,144867.0,149599.0
2025-11-16,Staten Island,8802,11329.0,8693.0,9534.0
2025-11-17,Bronx,82915,84633.0,82526.0,77347.0
2025-11-17,Brooklyn,160127,208790.0,163440.0,151919.0
2025-11-17,EWR,0,0.0,0.0,1.0
2025-11-17,Manhattan,233053,264050.0,240653.0,223793.0
2025-11-17,Queens,141888,150342.0,145074.0,132443.0
2025-11-17,Staten Island,10412,8802.0,10218.0,9965.0
2025-11-18,Bronx,81319,82915.0,72838.0,73648.0
2025-11-18,Brooklyn,159411,160127.0,162983.0,154064.0
2025-11-18,EWR,0,0.0,0.0,0.0
2025-11-18,Manhattan,250782,233053.0,244830.0,233462.0
2025-11-18,Queens,134705,141888.0,130805.0,124613.0
2025-11-18,Staten Island,10289,10412.0,9258.0,9496.0
2025-11-19,Bronx,86745,81319.0,82212.0,80324.0
2025-11-19,Brooklyn,177647,159411.0,163767.0,161479.0
2025-11-19,EWR,0,0.0,0.0,0.0
2025-11-19,Manhattan,273635,250782.0,259314.0,254470.0
2025-11-19,Queens,143226,134705.0,135443.0,135321.0
2025-11-19,Staten Island,11195,10289.0,10570.0,10416.0
2025-11-20,Bronx,93353,86745.0,89761.0,88133.0
2025-11-20,Brooklyn,185987,177647.0,179892.0,177296.0
2025-11-20,EWR,0,0.0,0.0,0.0
2025-11-20,Manhattan,281319,273635.0,286036.0,283449.0
2025-11-20,Queens,146108,143226.0,143932.0,142104.0
2025-11-20,Staten Island,11646,11195.0,11152.0,10998.0
2025-11-21,Bronx,104713,93353.0,100113.0,97696.0
2025-11-21,Brooklyn,213498,185987.0,204998.0,199199.0
2025-11-21,EWR,0,0.0,0.0,0.0
2025-11-21,Manhattan,284856,281319.0,299831.0,287140.0
2025-11-21,Queens,164928,146108.0,159777.0,158146.0
2025-11-21,Staten Island,13074,11646.0,12566.0,12060.0
2025-11-22,Bronx,100287,104713.0,99940.0,91120.0
2025-11-22,Brooklyn,242649,213498.0,238209.0,224485.0
2025-11-22,EWR,0,0.0,0.0,0.0
2025-11-22,Manhattan,309759,284856.0,329571.0,309848.0
2025-11-22,Queens,166762,164928.0,160220.0,156059.0
2025-11-22,Staten Island,11379,13074.0,11329.0,11082.0
2025-11-23,Bronx,85342,100287.0,84633.0,78132.0
2025-11-23,Brooklyn,207331,242649.0,208790.0,199822.0
2025-11-23,EWR,0,0.0,0.0,0.0
2025-11-23,Manhattan,249306,309759.0,264050.0,262439.0
2025-11-23,Queens,149286,166762.0,150342.0,144867.0
2025-11-23,Staten Island,9208,11379.0,8802.0,8693.0
2025-11-24,Bronx,83355,85342.0,82915.0,82526.0
2025-11-24,Brooklyn,159308,207331.0,160127.0,163440.0
2025-11-24,EWR,0,0.0,0.0,0.0
2025-11-24,Manhattan,206300,249306.0,233053.0,240653.0
2025-11-24,Queens,132223,149286.0,141888.0,145074.0
2025-11-24,Staten Island,10681,9208.0,10412.0,10218.0
2025-11-25,Bronx,92930,83355.0,81319.0,72838.0
2025-11-25,Brooklyn,182102,159308.0,159411.0,162983.0
2025-11-25,EWR,0,0.0,0.0,0.0
2025-11-25,Manhattan,234921,206300.0,250782.0,244830.0
2025-11-25,Queens,143530,132223.0,134705.0,130805.0
2025-11-25,Staten Island,11848,10681.0,10289.0,9258.0
2025-11-26,Bronx,99112,92930.0,86745.0,82212.0
2025-11-26,Brooklyn,185071,182102.0,177647.0,163767.0
2025-11-26,EWR,0,0.0,0.0,0.0
2025-11-26,Manhattan,214355,234921.0,273635.0,259314.0
2025-11-26,Queens,152861,143530.0,143226.0,135443.0
2025-11-26,Staten Island,13843,11848.0,11195.0,10570.0
2025-11-27,Bronx,118151,99112.0,93353.0,89761.0
2025-11-27,Brooklyn,191696,185071.0,185987.0,179892.0
2025-11-27,EWR,0,0.0,0.0,0.0
2025-11-27,Manhattan,191483,214355.0,281319.0,286036.0
2025-11-27,Queens,148414,152861.0,146108.0,143932.0
2025-11-27,Staten Island,11771,13843.0,11646.0,11152.0
2025-11-28,Bronx,99332,118151.0,104713.0,100113.0
2025-11-28,Brooklyn,164627,191696.0,213498.0,204998.0
2025-11-28,EWR,0,0.0,0.0,0.0
2025-11-28,Manhattan,190420,191483.0,284856.0,299831.0
2025-11-28,Queens,140495,148414.0,164928.0,159777.0
2025-11-28,Staten Island,10740,11771.0,13074.0,12566.0
2025-11-29,Bronx,86845,99332.0,100287.0,99940.0
2025-11-29,Brooklyn,176290,164627.0,242649.0,238209.0
2025-11-29,EWR,0,0.0,0.0,0.0
2025-11-29,Manhattan,219443,190420.0,309759.0,329571.0
2025-11-29,Queens,148459,140495.0,166762.0,160220.0
2025-11-29,Staten Island,10507,10740.0,11379.0,11329.0
2025-11-30,Bronx,76858,86845.0,85342.0,84633.0
2025-11-30,Brooklyn,175111,176290.0,207331.0,208790.0
2025-11-30,EWR,0,0.0,0.0,0.0
2025-11-30,Manhattan,212560,219443.0,249306.0,264050.0
2025-11-30,Queens,150940,148459.0,149286.0,150342.0
2025-11-30,Staten Island,8508,10507.0,9208.0,8802.0
2025-12-01,Bronx,82383,76858.0,83355.0,82915.0
2025-12-01,Brooklyn,156454,175111.0,159308.0,160127.0
2025-12-01,EWR,0,0.0,0.0,0.0
2025-12-01,Manhattan,211771,212560.0,206300.0,233053.0
2025-12-01,Queens,149188,150940.0,132223.0,141888.0
2025-12-01,Staten Island,10551,8508.0,10681.0,10412.0
2025-12-02,Bronx,88547,82383.0,92930.0,81319.0
2025-12-02,Brooklyn,180282,156454.0,182102.0,159411.0
2025-12-02,EWR,0,0.0,0.0,0.0
2025-12-02,Manhattan,279117,211771.0,234921.0,250782.0
2025-12-02,Queens,155968,149188.0,143530.0,134705.0
2025-12-02,Staten Island,11432,10551.0,11848.0,10289.0
2025-12-03,Bronx,87496,88547.0,99112.0,86745.0
2025-12-03,Brooklyn,172925,180282.0,185071.0,177647.0
2025-12-03,EWR,0,0.0,0.0,0.0
2025-12-03,Manhattan,265066,279117.0,214355.0,273635.0
2025-12-03,Queens,146380,155968.0,152861.0,143226.0
2025-12-03,Staten Island,11618,11432.0,13843.0,11195.0
2025-12-04,Bronx,97711,87496.0,118151.0,93353.0
2025-12-04,Brooklyn,197787,172925.0,191696.0,185987.0
2025-12-04,EWR,0,0.0,0.0,0.0
2025-12-04,Manhattan,299946,265066.0,191483.0,281319.0
2025-12-04,Queens,157458,146380.0,148414.0,146108.0
2025-12-04,Staten Island,12651,11618.0,11771.0,11646.0
2025-12-05,Bronx,111240,97711.0,99332.0,104713.0
2025-12-05,Brooklyn,229347,197787.0,164627.0,213498.0
2025-12-05,EWR,0,0.0,0.0,0.0
2025-12-05,Manhattan,331575,299946.0,190420.0,284856.0
2025-12-05,Queens,178181,157458.0,140495.0,164928.0
2025-12-05,Staten Island,14064,12651.0,10740.0,13074.0
2025-12-06,Bronx,98757,111240.0,86845.0,100287.0
2025-12-06,Brooklyn,251761,229347.0,176290.0,242649.0
2025-12-06,EWR,0,0.0,0.0,0.0
2025-12-06,Manhattan,343805,331575.0,219443.0,309759.0
2025-12-06,Queens,166907,178181.0,148459.0,166762.0
2025-12-06,Staten Island,12053,14064.0,10507.0,11379.0
2025-12-07,Bronx,84543,98757.0,76858.0,85342.0
2025-12-07,Brooklyn,218134,251761.0,175111.0,207331.0
2025-12-07,EWR,0,0.0,0.0,0.0
2025-12-07,Manhattan,278952,343805.0,212560.0,249306.0
2025-12-07,Queens,156439,166907.0,150940.0,149286.0
2025-12-07,Staten Island,9448,12053.0,8508.0,9208.0
2025-12-08,Bronx,89335,84543.0,82383.0,83355.0
2025-12-08,Brooklyn,179357,218134.0,156454.0,159308.0
2025-12-08,EWR,0,0.0,0.0,0.0
2025-12-08,Manhattan,262217,278952.0,211771.0,206300.0
2025-12-08,Queens,155397,156439.0,149188.0,132223.0
2025-12-08,Staten Island,11300,9448.0,10551.0,10681.0
2025-12-09,Bronx,89544,89335.0,88547.0,92930.0
2025-12-09,Brooklyn,178023,179357.0,180282.0,182102.0
2025-12-09,EWR,0,0.0,0.0,0.0
2025-12-09,Manhattan,288312,262217.0,279117.0,234921.0
2025-12-09,Queens,149512,155397.0,155968.0,143530.0
2025-12-09,Staten Island,11473,11300.0,11432.0,11848.0
2025-12-10,Bronx,90902,89544.0,87496.0,99112.0
2025-12-10,Brooklyn,185827,178023.0,172925.0,185071.0
2025-12-10,EWR,0,0.0,0.0,0.0
2025-12-10,Manhattan,297888,288312.0,265066.0,214355.0
2025-12-10,Queens,153140,149512.0,146380.0,152861.0
2025-12-10,Staten Island,11864,11473.0,11618.0,13843.0
2025-12-11,Bronx,98382,90902.0,97711.0,118151.0
2025-12-11,Brooklyn,204767,185827.0,197787.0,191696.0
2025-12-11,EWR,1,0.0,0.0,0.0
2025-12-11,Manhattan,313978,297888.0,299946.0,191483.0
2025-12-11,Queens,160525,153140.0,157458.0,148414.0
2025-12-11,Staten Island,12900,11864.0,12651.0,11771.0
2025-12-12,Bronx,110708,98382.0,111240.0,99332.0
2025-12-12,Brooklyn,236932,204767.0,229347.0,164627.0
2025-12-12,EWR,0,1.0,0.0,0.0
2025-12-12,Manhattan,336405,313978.0,331575.0,190420.0
2025-12-12,Queens,187328,160525.0,178181.0,140495.0
2025-12-12,Staten Island,14210,12900.0,14064.0,10740.0
2025-12-13,Bronx,102361,110708.0,98757.0,86845.0
2025-12-13,Brooklyn,275523,236932.0,251761.0,176290.0
2025-12-13,EWR,0,0.0,0.0,0.0
2025-12-13,Manhattan,360043,336405.0,343805.0,219443.0
2025-12-13,Queens,178353,187328.0,166907.0,148459.0
2025-12-13,Staten Island,12770,14210.0,12053.0,10507.0
2025-12-14,Bronx,84430,102361.0,84543.0,76858.0
2025-12-14,Brooklyn,240022,275523.0,218134.0,175111.0
2025-12-14,EWR,0,0.0,0.0,0.0
2025-12-14,Manhattan,296840,360043.0,278952.0,212560.0
2025-12-14,Queens,164712,178353.0,156439.0,150940.0
2025-12-14,Staten Island,10136,12770.0,9448.0,8508.0
2025-12-15,Bronx,92972,84430.0,89335.0,82383.0
2025-12-15,Brooklyn,187915,240022.0,179357.0,156454.0
2025-12-15,EWR,0,0.0,0.0,0.0
2025-12-15,Manhattan,251811,296840.0,262217.0,211771.0
2025-12-15,Queens,168077,164712.0,155397.0,149188.0
2025-12-15,Staten Island,12223,10136.0,11300.0,10551.0
2025-12-16,Bronx,90942,92972.0,89544.0,88547.0
2025-12-16,Brooklyn,187131,187915.0,178023.0,180282.0
2025-12-16,EWR,0,0.0,0.0,0.0
2025-12-16,Manhattan,265504,251811.0,288312.0,279117.0
2025-12-16,Queens,153230,168077.0,149512.0,155968.0
2025-12-16,Staten Island,11812,12223.0,11473.0,11432.0
2025-12-17,Bronx,93380,90942.0,90902.0,87496.0
2025-12-17,Brooklyn,188332,187131.0,185827.0,172925.0
2025-12-17,EWR,0,0.0,0.0,0.0
2025-12-17,Manhattan,268538,265504.0,297888.0,265066.0
2025-12-17,Queens,150454,153230.0,153140.0,146380.0
2025-12-17,Staten Island,12217,11812.0,11864.0,11618.0
2025-12-18,Bronx,98594,93380.0,98382.0,97711.0
2025-12-18,Brooklyn,195797,188332.0,204767.0,197787.0
2025-12-18,EWR,0,0.0,1.0,0.0
2025-12-18,Manhattan,268321,268538.0,313978.0,299946.0
2025-12-18,Queens,155836,150454.0,160525.0,157458.0
2025-12-18,Staten Island,12768,12217.0,12900.0,12651.0
2025-12-19,Bronx,115589,98594.0,110708.0,111240.0
2025-12-19,Brooklyn,240224,195797.0,236932.0,229347.0
2025-12-19,EWR,1,0.0,0.0,0.0
2025-12-19,Manhattan,310189,268321.0,336405.0,331575.0
2025-12-19,Queens,190423,155836.0,187328.0,178181.0
2025-12-19,Staten Island,15231,12768.0,14210.0,14064.0
2025-12-20,Bronx,104314,115589.0,102361.0,98757.0
2025-12-20,Brooklyn,239187,240224.0,275523.0,251761.0
2025-12-20,EWR,0,1.0,0.0,0.0
2025-12-20,Manhattan,288273,310189.0,360043.0,343805.0
2025-12-20,Queens,176911,190423.0,178353.0,166907.0
2025-12-20,Staten Island,13134,15231.0,12770.0,12053.0
2025-12-21,Bronx,90623,104314.0,84430.0,84543.0
2025-12-21,Brooklyn,209467,239187.0,240022.0,218134.0
2025-12-21,EWR,0,0.0,0.0,0.0
2025-12-21,Manhattan,237392,288273.0,296840.0,278952.0
2025-12-21,Queens,156234,176911.0,164712.0,156439.0
2025-12-21,Staten Island,10595,13134.0,10136.0,9448.0
2025-12-22,Bronx,92272,90623.0,92972.0,89335.0
2025-12-22,Brooklyn,173546,209467.0,187915.0,179357.0
2025-12-22,EWR,0,0.0,0.0,0.0
2025-12-22,Manhattan,193646,237392.0,251811.0,262217.0
2025-12-22,Queens,145756,156234.0,168077.0,155397.0
2025-12-22,Staten Island,12231,10595.0,12223.0,11300.0
2025-12-23,Bronx,98562,92272.0,90942.0,89544.0
2025-12-23,Brooklyn,179367,173546.0,187131.0,178023.0
2025-12-23,EWR,1,0.0,0.0,0.0
2025-12-23,Manhattan,194346,193646.0,265504.0,288312.0
2025-12-23,Queens,154497,145756.0,153230.0,149512.0
2025-12-23,Staten Island,12786,12231.0,11812.0,11473.0
2025-12-24,Bronx,116044,98562.0,93380.0,90902.0
2025-12-24,Brooklyn,179610,179367.0,188332.0,185827.0
2025-12-24,EWR,0,1.0,0.0,0.0
2025-12-24,Manhattan,180226,194346.0,268538.0,297888.0
2025-12-24,Queens,158868,154497.0,150454.0,153140.0
2025-12-24,Staten Island,12237,12786.0,12217.0,11864.0
2025-12-25,Bronx,96956,116044.0,98594.0,98382.0
2025-12-25,Brooklyn,150035,179610.0,195797.0,204767.0
2025-12-25,EWR,0,0.0,0.0,1.0
2025-12-25,Manhattan,140431,180226.0,268321.0,313978.0
2025-12-25,Queens,129751,158868.0,155836.0,160525.0
2025-12-25,Staten Island,8231,12237.0,12768.0,12900.0
2025-12-26,Bronx,88691,96956.0,115589.0,110708.0
2025-12-26,Brooklyn,150533,150035.0,240224.0,236932.0
2025-12-26,EWR,0,0.0,1.0,0.0
2025-12-26,Manhattan,159420,140431.0,310189.0,336405.0
2025-12-26,Queens,134440,129751.0,190423.0,187328.0
2025-12-26,Staten Island,11167,8231.0,15231.0,14210.0
2025-12-27,Bronx,79806,88691.0,104314.0,102361.0
2025-12-27,Brooklyn,146431,150533.0,239187.0,275523.0
2025-12-27,EWR,0,0.0,0.0,0.0
2025-12-27,Manhattan,176734,159420.0,288273.0,360043.0
2025-12-27,Queens,139060,134440.0,176911.0,178353.0
2025-12-27,Staten Island,9899,11167.0,13134.0,12770.0
2025-12-28,Bronx,77430,79806.0,90623.0,84430.0
2025-12-28,Brooklyn,157503,146431.0,209467.0,240022.0
2025-12-28,EWR,0,0.0,0.0,0.0
2025-12-28,Manhattan,177140,176734.0,237392.0,296840.0
2025-12-28,Queens,142919,139060.0,156234.0,164712.0
2025-12-28,Staten Island,9473,9899.0,10595.0,10136.0
2025-12-29,Bronx,80801,77430.0,92272.0,92972.0
2025-12-29,Brooklyn,156514,157503.0,173546.0,187915.0
2025-12-29,EWR,0,0.0,0.0,0.0
2025-12-29,Manhattan,173877,177140.0,193646.0,251811.0
2025-12-29,Queens,140088,142919.0,145756.0,168077.0
2025-12-29,Staten Island,10183,9473.0,12231.0,12223.0
2025-12-30,Bronx,88096,80801.0,98562.0,90942.0
2025-12-30,Brooklyn,172071,156514.0,179367.0,187131.0
2025-12-30,EWR,0,0.0,1.0,0.0
2025-12-30,Manhattan,189782,173877.0,194346.0,265504.0
2025-12-30,Queens,146803,140088.0,154497.0,153230.0
2025-12-30,Staten Island,10885,10183.0,12786.0,11812.0
2025-12-31,Bronx,114877,88096.0,116044.0,93380.0
2025-12-31,Brooklyn,238995,172071.0,179610.0,188332.0
2025-12-31,EWR,0,0.0,0.0,0.0
2025-12-31,Manhattan,221760,189782.0,180226.0,268538.0
2025-12-31,Queens,180188,146803.0,158868.0,150454.0
2025-12-31,Staten Island,13415,10885.0,12237.0,12217.0
2026-01-01,Bronx,98151,114877.0,96956.0,98594.0
2026-01-01,Brooklyn,230254,238995.0,150035.0,195797.0
2026-01-01,EWR,0,0.0,0.0,0.0
2026-01-01,Manhattan,230970,221760.0,140431.0,268321.0
2026-01-01,Queens,160634,180188.0,129751.0,155836.0
2026-01-01,Staten Island,10302,13415.0,8231.0,12768.0
2026-01-02,Bronx,88390,98151.0,88691.0,115589.0
2026-01-02,Brooklyn,168313,230254.0,150533.0,240224.0
2026-01-02,EWR,0,0.0,0.0,1.0
2026-01-02,Manhattan,193017,230970.0,159420.0,310189.0
2026-01-02,Queens,140313,160634.0,134440.0,190423.0
2026-01-02,Staten Island,10891,10302.0,11167.0,15231.0
2026-01-03,Bronx,84837,88390.0,79806.0,104314.0
2026-01-03,Brooklyn,182847,168313.0,146431.0,239187.0
2026-01-03,EWR,0,0.0,0.0,0.0
2026-01-03,Manhattan,218189,193017.0,176734.0,288273.0
2026-01-03,Queens,144227,140313.0,139060.0,176911.0
2026-01-03,Staten Island,10135,10891.0,9899.0,13134.0
2026-01-04,Bronx,75793,84837.0,77430.0,90623.0
2026-01-04,Brooklyn,168352,182847.0,157503.0,209467.0
2026-01-04,EWR,0,0.0,0.0,0.0
2026-01-04,Manhattan,182325,218189.0,177140.0,237392.0
2026-01-04,Queens,137307,144227.0,142919.0,156234.0
2026-01-04,Staten Island,8269,10135.0,9473.0,10595.0
2026-01-05,Bronx,81992,75793.0,80801.0,92272.0
2026-01-05,Brooklyn,150369,168352.0,156514.0,173546.0
2026-01-05,EWR,0,0.0,0.0,0.0
2026-01-05,Manhattan,173286,182325.0,173877.0,193646.0
2026-01-05,Queens,136856,137307.0,140088.0,145756.0
2026-01-05,Staten Island,10149,8269.0,10183.0,12231.0
2026-01-06,Bronx,83293,81992.0,88096.0,98562.0
2026-01-06,Brooklyn,150920,150369.0,172071.0,179367.0
2026-01-06,EWR,0,0.0,0.0,1.0
2026-01-06,Manhattan,187530,173286.0,189782.0,194346.0
2026-01-06,Queens,133022,136856.0,146803.0,154497.0
2026-01-06,Staten Island,10299,10149.0,10885.0,12786.0
2026-01-07,Bronx,83635,83293.0,114877.0,116044.0
2026-01-07,Brooklyn,156797,150920.0,238995.0,179610.0
2026-01-07,EWR,0,0.0,0.0,0.0
2026-01-07,Manhattan,200119,187530.0,221760.0,180226.0
2026-01-07,Queens,129808,133022.0,180188.0,158868.0
2026-01-07,Staten Island,10271,10299.0,13415.0,12237.0
2026-01-08,Bronx,88544,83635.0,98151.0,96956.0
2026-01-08,Brooklyn,164712,156797.0,230254.0,150035.0
2026-01-08,EWR,0,0.0,0.0,0.0
2026-01-08,Manhattan,217998,200119.0,230970.0,140431.0
2026-01-08,Queens,135044,129808.0,160634.0,129751.0
2026-01-08,Staten Island,10931,10271.0,10302.0,8231.0
2026-01-09,Bronx,99433,88544.0,88390.0,88691.0
2026-01-09,Brooklyn,190853,164712.0,168313.0,150533.0
2026-01-09,EWR,0,0.0,0.0,0.0
2026-01-09,Manhattan,245256,217998.0,193017.0,159420.0
2026-01-09,Queens,151799,135044.0,140313.0,134440.0
2026-01-09,Staten Island,12173,10931.0,10891.0,11167.0
2026-01-10,Bronx,92718,99433.0,84837.0,79806.0
2026-01-10,Brooklyn,246741,190853.0,182847.0,146431.0
2026-01-10,EWR,0,0.0,0.0,0.0
2026-01-10,Manhattan,322347,245256.0,218189.0,176734.0
2026-01-10,Queens,161529,151799.0,144227.0,139060.0
2026-01-10,Staten Island,10570,12173.0,10135.0,9899.0
2026-01-11,Bronx,78297,92718.0,75793.0,77430.0
2026-01-11,Brooklyn,199194,246741.0,168352.0,157503.0
2026-01-11,EWR,0,0.0,0.0,0.0
2026-01-11,Manhattan,243157,322347.0,182325.0,177140.0
2026-01-11,Queens,143465,161529.0,137307.0,142919.0
2026-01-11,Staten Island,8650,10570.0,8269.0,9473.0
2026-01-12,Bronx,82723,78297.0,81992.0,80801.0
2026-01-12,Brooklyn,153667,199194.0,150369.0,156514.0
2026-01-12,EWR,0,0.0,0.0,0.0
2026-01-12,Manhattan,217835,243157.0,173286.0,173877.0
2026-01-12,Queens,135755,143465.0,136856.0,140088.0
2026-01-12,Staten Island,10166,8650.0,10149.0,10183.0
2026-01-13,Bronx,81569,82723.0,83293.0,88096.0
2026-01-13,Brooklyn,155281,153667.0,150920.0,172071.0
2026-01-13,EWR,0,0.0,0.0,0.0
2026-01-13,Manhattan,230980,217835.0,187530.0,189782.0
2026-01-13,Queens,127959,135755.0,133022.0,146803.0
2026-01-13,Staten Island,10000,10166.0,10299.0,10885.0
2026-01-14,Bronx,85322,81569.0,83635.0,114877.0
2026-01-14,Brooklyn,163581,155281.0,156797.0,238995.0
2026-01-14,EWR,0,0.0,0.0,0.0
2026-01-14,Manhattan,229973,230980.0,200119.0,221760.0
2026-01-14,Queens,131121,127959.0,129808.0,180188.0
2026-01-14,Staten Island,10246,10000.0,10271.0,13415.0
2026-01-15,Bronx,96937,85322.0,88544.0,98151.0
2026-01-15,Brooklyn,187216,163581.0,164712.0,230254.0
2026-01-15,EWR,0,0.0,0.0,0.0
2026-01-15,Manhattan,261382,229973.0,217998.0,230970.0
2026-01-15,Queens,146865,131121.0,135044.0,160634.0
2026-01-15,Staten Island,11815,10246.0,10931.0,10302.0
2026-01-16,Bronx,109762,96937.0,99433.0,88390.0
2026-01-16,Brooklyn,216959,187216.0,190853.0,168313.0
2026-01-16,EWR,0,0.0,0.0,0.0
2026-01-16,Manhattan,273866,261382.0,245256.0,193017.0
2026-01-16,Queens,170633,146865.0,151799.0,140313.0
2026-01-16,Staten Island,12860,11815.0,12173.0,10891.0
2026-01-17,Bronx,94402,109762.0,92718.0,84837.0
2026-01-17,Brooklyn,241267,216959.0,246741.0,182847.0
2026-01-17,EWR,0,0.0,0.0,0.0
2026-01-17,Manhattan,298034,273866.0,322347.0,218189.0
2026-01-17,Queens,161713,170633.0,161529.0,144227.0
2026-01-17,Staten Island,10912,12860.0,10570.0,10135.0
2026-01-18,Bronx,82047,94402.0,78297.0,75793.0
2026-01-18,Brooklyn,221227,241267.0,199194.0,168352.0
2026-01-18,EWR,0,0.0,0.0,0.0
2026-01-18,Manhattan,260706,298034.0,243157.0,182325.0
2026-01-18,Queens,148544,161713.0,143465.0,137307.0
2026-01-18,Staten Island,9137,10912.0,8650.0,8269.0
2026-01-19,Bronx,75060,82047.0,82723.0,81992.0
2026-01-19,Brooklyn,180675,221227.0,153667.0,150369.0
2026-01-19,EWR,0,0.0,0.0,0.0
2026-01-19,Manhattan,198107,260706.0,217835.0,173286.0
2026-01-19,Queens,143958,148544.0,135755.0,136856.0
2026-01-19,Staten Island,8976,9137.0,10166.0,10149.0
2026-01-20,Bronx,93387,75060.0,81569.0,83293.0
2026-01-20,Brooklyn,179505,180675.0,155281.0,150920.0
2026-01-20,EWR,0,0.0,0.0,0.0
2026-01-20,Manhattan,246390,198107.0,230980.0,187530.0
2026-01-20,Queens,153059,143958.0,127959.0,133022.0
2026-01-20,Staten Island,11096,8976.0,10000.0,10299.0
2026-01-21,Bronx,91485,93387.0,85322.0,83635.0
2026-01-21,Brooklyn,174861,179505.0,163581.0,156797.0
2026-01-21,EWR,0,0.0,0.0,0.0
2026-01-21,Manhattan,259057,246390.0,229973.0,200119.0
2026-01-21,Queens,142299,153059.0,131121.0,129808.0
2026-01-21,Staten Island,11061,11096.0,10246.0,10271.0
2026-01-22,Bronx,95255,91485.0,96937.0,88544.0
2026-01-22,Brooklyn,175352,174861.0,187216.0,164712.0
2026-01-22,EWR,0,0.0,0.0,0.0
2026-01-22,Manhattan,260975,259057.0,261382.0,217998.0
2026-01-22,Queens,142909,142299.0,146865.0,135044.0
2026-01-22,Staten Island,11609,11061.0,11815.0,10931.0
2026-01-23,Bronx,110177,95255.0,109762.0,99433.0
2026-01-23,Brooklyn,223652,175352.0,216959.0,190853.0
2026-01-23,EWR,0,0.0,0.0,0.0
2026-01-23,Manhattan,290769,260975.0,273866.0,245256.0
2026-01-23,Queens,166761,142909.0,170633.0,151799.0
2026-01-23,Staten Island,13191,11609.0,12860.0,12173.0
2026-01-24,Bronx,99747,110177.0,94402.0,92718.0
2026-01-24,Brooklyn,255308,223652.0,241267.0,246741.0
2026-01-24,EWR,0,0.0,0.0,0.0
2026-01-24,Manhattan,343717,290769.0,298034.0,322347.0
2026-01-24,Queens,169985,166761.0,161713.0,161529.0
2026-01-24,Staten Island,11483,13191.0,10912.0,10570.0
2026-01-25,Bronx,37586,99747.0,82047.0,78297.0
2026-01-25,Brooklyn,104551,255308.0,221227.0,199194.0
2026-01-25,EWR,0,0.0,0.0,0.0
2026-01-25,Manhattan,110181,343717.0,260706.0,243157.0
2026-01-25,Queens,66230,169985.0,148544.0,143465.0
2026-01-25,Staten Island,3711,11483.0,9137.0,8650.0
2026-01-26,Bronx,60970,37586.0,75060.0,82723.0
2026-01-26,Brooklyn,133834,104551.0,180675.0,153667.0
2026-01-26,EWR,0,0.0,0.0,0.0
2026-01-26,Manhattan,130220,110181.0,198107.0,217835.0
2026-01-26,Queens,106936,66230.0,143958.0,135755.0
2026-01-26,Staten Island,7474,3711.0,8976.0,10166.0
2026-01-27,Bronx,97474,60970.0,93387.0,81569.0
2026-01-27,Brooklyn,195348,133834.0,179505.0,155281.0
2026-01-27,EWR,0,0.0,0.0,0.0
2026-01-27,Manhattan,206000,130220.0,246390.0,230980.0
2026-01-27,Queens,169858,106936.0,153059.0,127959.0
2026-01-27,Staten Island,13701,7474.0,11096.0,10000.0
2026-01-28,Bronx,101977,97474.0,91485.0,85322.0
2026-01-28,Brooklyn,208120,195348.0,174861.0,163581.0
2026-01-28,EWR,1,0.0,0.0,0.0
2026-01-28,Manhattan,230115,206000.0,259057.0,229973.0
2026-01-28,Queens,172907,169858.0,142299.0,131121.0
2026-01-28,Staten Island,14005,13701.0,11061.0,10246.0
2026-01-29,Bronx,108312,101977.0,95255.0,96937.0
2026-01-29,Brooklyn,221904,208120.0,175352.0,187216.0
2026-01-29,EWR,1,1.0,0.0,0.0
2026-01-29,Manhattan,247938,230115.0,260975.0,261382.0
2026-01-29,Queens,178177,172907.0,142909.0,146865.0
2026-01-29,Staten Island,14592,14005.0,11609.0,11815.0
2026-01-30,Bronx,120717,108312.0,110177.0,109762.0
2026-01-30,Brooklyn,251172,221904.0,223652.0,216959.0
2026-01-30,EWR,0,1.0,0.0,0.0
2026-01-30,Manhattan,277867,247938.0,290769.0,273866.0
2026-01-30,Queens,198880,178177.0,166761.0,170633.0
2026-01-30,Staten Island,16150,14592.0,13191.0,12860.0
2026-01-31,Bronx,106546,120717.0,99747.0,94402.0
2026-01-31,Brooklyn,263721,251172.0,255308.0,241267.0
2026-01-31,EWR,0,0.0,0.0,0.0
2026-01-31,Manhattan,318347,277867.0,343717.0,298034.0
2026-01-31,Queens,182886,198880.0,169985.0,161713.0
2026-01-31,Staten Island,13333,16150.0,11483.0,10912.0
2026-02-01,Bronx,90706,106546.0,37586.0,82047.0
2026-02-01,Brooklyn,234756,263721.0,104551.0,221227.0
2026-02-01,EWR,0,0.0,0.0,0.0
2026-02-01,Manhattan,262762,318347.0,110181.0,260706.0
2026-02-01,Queens,166352,182886.0,66230.0,148544.0
2026-02-01,Staten Island,10392,13333.0,3711.0,9137.0
2026-02-02,Bronx,94489,90706.0,60970.0,75060.0
2026-02-02,Brooklyn,181773,234756.0,133834.0,180675.0
2026-02-02,EWR,0,0.0,0.0,0.0
2026-02-02,Manhattan,206088,262762.0,130220.0,198107.0
2026-02-02,Queens,157940,166352.0,106936.0,143958.0
2026-02-02,Staten Island,12223,10392.0,7474.0,8976.0
2026-02-03,Bronx,95171,94489.0,97474.0,93387.0
2026-02-03,Brooklyn,183879,181773.0,195348.0,179505.0
2026-02-03,EWR,0,0.0,0.0,0.0
2026-02-03,Manhattan,226269,206088.0,206000.0,246390.0
2026-02-03,Queens,149804,157940.0,169858.0,153059.0
2026-02-03,Staten Island,12254,12223.0,13701.0,11096.0
2026-02-04,Bronx,95421,95171.0,101977.0,91485.0
2026-02-04,Brooklyn,191155,183879.0,208120.0,174861.0
2026-02-04,EWR,0,0.0,1.0,0.0
2026-02-04,Manhattan,237762,226269.0,230115.0,259057.0
2026-02-04,Queens,151504,149804.0,172907.0,142299.0
2026-02-04,Staten Island,12648,12254.0,14005.0,11061.0
2026-02-05,Bronx,100570,95421.0,108312.0,95255.0
2026-02-05,Brooklyn,197290,191155.0,221904.0,175352.0
2026-02-05,EWR,0,0.0,1.0,0.0
2026-02-05,Manhattan,250713,237762.0,247938.0,260975.0
2026-02-05,Queens,157762,151504.0,178177.0,142909.0
2026-02-05,Staten Island,13073,12648.0,14592.0,11609.0
2026-02-06,Bronx,112253,100570.0,120717.0,110177.0
2026-02-06,Brooklyn,225411,197290.0,251172.0,223652.0
2026-02-06,EWR,0,0.0,0.0,0.0
2026-02-06,Manhattan,273320,250713.0,277867.0,290769.0
2026-02-06,Queens,174808,157762.0,198880.0,166761.0
2026-02-06,Staten Island,14417,13073.0,16150.0,13191.0
2026-02-07,Bronx,109052,112253.0,106546.0,99747.0
2026-02-07,Brooklyn,289940,225411.0,263721.0,255308.0
2026-02-07,EWR,0,0.0,0.0,0.0
2026-02-07,Manhattan,357920,273320.0,318347.0,343717.0
2026-02-07,Queens,182299,174808.0,182886.0,169985.0
2026-02-07,Staten Island,12715,14417.0,13333.0,11483.0
2026-02-08,Bronx,94099,109052.0,90706.0,37586.0
2026-02-08,Brooklyn,266951,289940.0,234756.0,104551.0
2026-02-08,EWR,0,0.0,0.0,0.0
2026-02-08,Manhattan,296491,357920.0,262762.0,110181.0
2026-02-08,Queens,173598,182299.0,166352.0,66230.0
2026-02-08,Staten Island,10756,12715.0,10392.0,3711.0
2026-02-09,Bronx,94083,94099.0,94489.0,60970.0
2026-02-09,Brooklyn,185954,266951.0,181773.0,133834.0
2026-02-09,EWR,0,0.0,0.0,0.0
2026-02-09,Manhattan,226787,296491.0,206088.0,130220.0
2026-02-09,Queens,161255,173598.0,157940.0,106936.0
2026-02-09,Staten Island,12174,10756.0,12223.0,7474.0
2026-02-10,Bronx,91423,94083.0,95171.0,97474.0
2026-02-10,Brooklyn,174105,185954.0,183879.0,195348.0
2026-02-10,EWR,0,0.0,0.0,0.0
2026-02-10,Manhattan,241451,226787.0,226269.0,206000.0
2026-02-10,Queens,145346,161255.0,149804.0,169858.0
2026-02-10,Staten Island,11502,12174.0,12254.0,13701.0
2026-02-11,Bronx,94676,91423.0,95421.0,101977.0
2026-02-11,Brooklyn,183947,174105.0,191155.0,208120.0
2026-02-11,EWR,0,0.0,0.0,1.0
2026-02-11,Manhattan,255042,241451.0,237762.0,230115.0
2026-02-11,Queens,150203,145346.0,151504.0,172907.0
2026-02-11,Staten Island,12202,11502.0,12648.0,14005.0
2026-02-12,Bronx,102273,94676.0,100570.0,108312.0
2026-02-12,Brooklyn,201891,183947.0,197290.0,221904.0
2026-02-12,EWR,0,0.0,0.0,1.0
2026-02-12,Manhattan,274839,255042.0,250713.0,247938.0
2026-02-12,Queens,162209,150203.0,157762.0,178177.0
2026-02-12,Staten Island,12865,12202.0,13073.0,14592.0
2026-02-13,Bronx,115082,102273.0,112253.0,120717.0
2026-02-13,Brooklyn,229121,201891.0,225411.0,251172.0
2026-02-13,EWR,0,0.0,0.0,0.0
2026-02-13,Manhattan,282162,274839.0,273320.0,277867.0
2026-02-13,Queens,184994,162209.0,174808.0,198880.0
2026-02-13,Staten Island,14663,12865.0,14417.0,16150.0
2026-02-14,Bronx,109382,115082.0,109052.0,106546.0
2026-02-14,Brooklyn,247496,229121.0,289940.0,263721.0
2026-02-14,EWR,0,0.0,0.0,0.0
2026-02-14,Manhattan,305251,282162.0,357920.0,318347.0
2026-02-14,Queens,178270,184994.0,182299.0,182886.0
2026-02-14,Staten Island,12697,14663.0,12715.0,13333.0
2026-02-15,Bronx,89069,109382.0,94099.0,90706.0
2026-02-15,Brooklyn,211454,247496.0,266951.0,234756.0
2026-02-15,EWR,0,0.0,0.0,0.0
2026-02-15,Manhattan,254846,305251.0,296491.0,262762.0
2026-02-15,Queens,153690,178270.0,173598.0,166352.0
2026-02-15,Staten Island,9619,12697.0,10756.0,10392.0
2026-02-16,Bronx,75007,89069.0,94083.0,94489.0
2026-02-16,Brooklyn,165455,211454.0,185954.0,181773.0
2026-02-16,EWR,0,0.0,0.0,0.0
2026-02-16,Manhattan,197227,254846.0,226787.0,206088.0
2026-02-16,Queens,141787,153690.0,161255.0,157940.0
2026-02-16,Staten Island,8866,9619.0,12174.0,12223.0
2026-02-17,Bronx,79102,75007.0,91423.0,95171.0
2026-02-17,Brooklyn,155034,165455.0,174105.0,183879.0
2026-02-17,EWR,0,0.0,0.0,0.0
2026-02-17,Manhattan,209114,197227.0,241451.0,226269.0
2026-02-17,Queens,135500,141787.0,145346.0,149804.0
2026-02-17,Staten Island,9963,8866.0,11502.0,12254.0
2026-02-18,Bronx,84814,79102.0,94676.0,95421.0
2026-02-18,Brooklyn,167690,155034.0,183947.0,191155.0
2026-02-18,EWR,0,0.0,0.0,0.0
2026-02-18,Manhattan,236475,209114.0,255042.0,237762.0
2026-02-18,Queens,141036,135500.0,150203.0,151504.0
2026-02-18,Staten Island,10680,9963.0,12202.0,12648.0
2026-02-19,Bronx,91493,84814.0,102273.0,100570.0
2026-02-19,Brooklyn,175792,167690.0,201891.0,197290.0
2026-02-19,EWR,0,0.0,0.0,0.0
2026-02-19,Manhattan,254960,236475.0,274839.0,250713.0
2026-02-19,Queens,145240,141036.0,162209.0,157762.0
2026-02-19,Staten Island,11258,10680.0,12865.0,13073.0
2026-02-20,Bronx,107074,91493.0,115082.0,112253.0
2026-02-20,Brooklyn,215431,175792.0,229121.0,225411.0
2026-02-20,EWR,0,0.0,0.0,0.0
2026-02-20,Manhattan,304461,254960.0,282162.0,273320.0
2026-02-20,Queens,168595,145240.0,184994.0,174808.0
2026-02-20,Staten Island,12822,11258.0,14663.0,14417.0
2026-02-21,Bronx,101606,107074.0,109382.0,109052.0
2026-02-21,Brooklyn,236212,215431.0,247496.0,289940.0
2026-02-21,EWR,0,0.0,0.0,0.0
2026-02-21,Manhattan,294959,304461.0,305251.0,357920.0
2026-02-21,Queens,167713,168595.0,178270.0,182299.0
2026-02-21,Staten Island,11868,12822.0,12697.0,12715.0
2026-02-22,Bronx,69263,101606.0,89069.0,94099.0
2026-02-22,Brooklyn,179043,236212.0,211454.0,266951.0
2026-02-22,EWR,0,0.0,0.0,0.0
2026-02-22,Manhattan,205497,294959.0,254846.0,296491.0
2026-02-22,Queens,121839,167713.0,153690.0,173598.0
2026-02-22,Staten Island,7578,11868.0,9619.0,10756.0
2026-02-23,Bronx,24136,69263.0,75007.0,94083.0
2026-02-23,Brooklyn,52467,179043.0,165455.0,185954.0
2026-02-23,EWR,0,0.0,0.0,0.0
2026-02-23,Manhattan,48928,205497.0,197227.0,226787.0
2026-02-23,Queens,33187,121839.0,141787.0,161255.0
2026-02-23,Staten Island,2107,7578.0,8866.0,12174.0
2026-02-24,Bronx,100740,24136.0,79102.0,91423.0
2026-02-24,Brooklyn,195384,52467.0,155034.0,174105.0
2026-02-24,EWR,0,0.0,0.0,0.0
2026-02-24,Manhattan,204361,48928.0,209114.0,241451.0
2026-02-24,Queens,155045,33187.0,135500.0,145346.0
2026-02-24,Staten Island,13026,2107.0,9963.0,11502.0
2026-02-25,Bronx,102168,100740.0,84814.0,94676.0
2026-02-25,Brooklyn,199917,195384.0,167690.0,183947.0
2026-02-25,EWR,0,0.0,0.0,0.0
2026-02-25,Manhattan,226082,204361.0,236475.0,255042.0
2026-02-25,Queens,169392,155045.0,141036.0,150203.0
2026-02-25,Staten Island,14760,13026.0,10680.0,12202.0
2026-02-26,Bronx,108501,102168.0,91493.0,102273.0
2026-02-26,Brooklyn,201888,199917.0,175792.0,201891.0
2026-02-26,EWR,1,0.0,0.0,0.0
2026-02-26,Manhattan,243474,226082.0,254960.0,274839.0
2026-02-26,Queens,167379,169392.0,145240.0,162209.0
2026-02-26,Staten Island,15204,14760.0,11258.0,12865.0
2026-02-27,Bronx,119670,108501.0,107074.0,115082.0
2026-02-27,Brooklyn,227189,201888.0,215431.0,229121.0
2026-02-27,EWR,0,1.0,0.0,0.0
2026-02-27,Manhattan,260987,243474.0,304461.0,282162.0
2026-02-27,Queens,179286,167379.0,168595.0,184994.0
2026-02-27,Staten Island,16268,15204.0,12822.0,14663.0
2026-02-28,Bronx,110562,119670.0,101606.0,109382.0
2026-02-28,Brooklyn,242030,227189.0,236212.0,247496.0
2026-02-28,EWR,0,0.0,0.0,0.0
2026-02-28,Manhattan,279745,260987.0,294959.0,305251.0
2026-02-28,Queens,167944,179286.0,167713.0,178270.0
2026-02-28,Staten Island,13595,16268.0,11868.0,12697.0
2026-03-01,Bronx,91649,110562.0,69263.0,89069.0
2026-03-01,Brooklyn,207866,242030.0,179043.0,211454.0
2026-03-01,EWR,0,0.0,0.0,0.0
2026-03-01,Manhattan,232774,279745.0,205497.0,254846.0
2026-03-01,Queens,155197,167944.0,121839.0,153690.0
2026-03-01,Staten Island,12863,13595.0,7578.0,9619.0
2026-03-02,Bronx,95690,91649.0,24136.0,75007.0
2026-03-02,Brooklyn,173148,207866.0,52467.0,165455.0
2026-03-02,EWR,0,0.0,0.0,0.0
2026-03-02,Manhattan,218289,232774.0,48928.0,197227.0
2026-03-02,Queens,149422,155197.0,33187.0,141787.0
2026-03-02,Staten Island,12451,12863.0,2107.0,8866.0
2026-03-03,Bronx,101436,95690.0,100740.0,79102.0
2026-03-03,Brooklyn,191975,173148.0,195384.0,155034.0
2026-03-03,EWR,0,0.0,0.0,0.0
2026-03-03,Manhattan,259636,218289.0,204361.0,209114.0
2026-03-03,Queens,149917,149422.0,155045.0,135500.0
2026-03-03,Staten Island,12809,12451.0,13026.0,9963.0
2026-03-04,Bronx,97621,101436.0,102168.0,84814.0
2026-03-04,Brooklyn,173619,191975.0,199917.0,167690.0
2026-03-04,EWR,0,0.0,0.0,0.0
2026-03-04,Manhattan,245493,259636.0,226082.0,236475.0
2026-03-04,Queens,142478,149917.0,169392.0,141036.0
2026-03-04,Staten Island,12657,12809.0,14760.0,10680.0
2026-03-05,Bronx,108919,97621.0,108501.0,91493.0
2026-03-05,Brooklyn,208796,173619.0,201888.0,175792.0
2026-03-05,EWR,0,0.0,1.0,0.0
2026-03-05,Manhattan,292531,245493.0,243474.0,254960.0
2026-03-05,Queens,165644,142478.0,167379.0,145240.0
2026-03-05,Staten Island,13274,12657.0,15204.0,11258.0
2026-03-06,Bronx,111299,108919.0,119670.0,107074.0
2026-03-06,Brooklyn,212619,208796.0,227189.0,215431.0
2026-03-06,EWR,0,0.0,0.0,0.0
2026-03-06,Manhattan,273384,292531.0,260987.0,304461.0
2026-03-06,Queens,167481,165644.0,179286.0,168595.0
2026-03-06,Staten Island,13976,13274.0,16268.0,12822.0
2026-03-07,Bronx,105425,111299.0,110562.0,101606.0
2026-03-07,Brooklyn,236171,212619.0,242030.0,236212.0
2026-03-07,EWR,0,0.0,0.0,0.0
2026-03-07,Manhattan,293042,273384.0,279745.0,294959.0
2026-03-07,Queens,165459,167481.0,167944.0,167713.0
2026-03-07,Staten Island,12079,13976.0,13595.0,11868.0
2026-03-08,Bronx,87907,105425.0,91649.0,69263.0
2026-03-08,Brooklyn,197887,236171.0,207866.0,179043.0
2026-03-08,EWR,0,0.0,0.0,0.0
2026-03-08,Manhattan,227476,293042.0,232774.0,205497.0
2026-03-08,Queens,153887,165459.0,155197.0,121839.0
2026-03-08,Staten Island,9493,12079.0,12863.0,7578.0
2026-03-09,Bronx,91392,87907.0,95690.0,24136.0
2026-03-09,Brooklyn,159740,197887.0,173148.0,52467.0
2026-03-09,EWR,0,0.0,0.0,0.0
2026-03-09,Manhattan,202664,227476.0,218289.0,48928.0
2026-03-09,Queens,147082,153887.0,149422.0,33187.0
2026-03-09,Staten Island,11455,9493.0,12451.0,2107.0
2026-03-10,Bronx,93624,91392.0,101436.0,100740.0
2026-03-10,Brooklyn,164372,159740.0,191975.0,195384.0
2026-03-10,EWR,0,0.0,0.0,0.0
2026-03-10,Manhattan,225116,202664.0,259636.0,204361.0
2026-03-10,Queens,145891,147082.0,149917.0,155045.0
2026-03-10,Staten Island,11747,11455.0,12809.0,13026.0
2026-03-11,Bronx,98353,93624.0,97621.0,102168.0
2026-03-11,Brooklyn,172669,164372.0,173619.0,199917.0
2026-03-11,EWR,0,0.0,0.0,0.0
2026-03-11,Manhattan,248163,225116.0,245493.0,226082.0
2026-03-11,Queens,143417,145891.0,142478.0,169392.0
2026-03-11,Staten Island,12179,11747.0,12657.0,14760.0
2026-03-12,Bronx,107610,98353.0,108919.0,108501.0
2026-03-12,Brooklyn,203677,172669.0,208796.0,201888.0
2026-03-12,EWR,0,0.0,0.0,1.0
2026-03-12,Manhattan,284075,248163.0,292531.0,243474.0
2026-03-12,Queens,166787,143417.0,165644.0,167379.0
2026-03-12,Staten Island,13410,12179.0,13274.0,15204.0
2026-03-13,Bronx,116446,107610.0,111299.0,119670.0
2026-03-13,Brooklyn,220448,203677.0,212619.0,227189.0
2026-03-13,EWR,0,0.0,0.0,0.0
2026-03-13,Manhattan,279411,284075.0,273384.0,260987.0
2026-03-13,Queens,178045,166787.0,167481.0,179286.0
2026-03-13,Staten Island,14372,13410.0,13976.0,16268.0
2026-03-14,Bronx,111046,116446.0,105425.0,110562.0
2026-03-14,Brooklyn,241258,220448.0,236171.0,242030.0
2026-03-14,EWR,0,0.0,0.0,0.0
2026-03-14,Manhattan,304422,279411.0,293042.0,279745.0
2026-03-14,Queens,171579,178045.0,165459.0,167944.0
2026-03-14,Staten Island,12549,14372.0,12079.0,13595.0
2026-03-15,Bronx,93865,111046.0,87907.0,91649.0
2026-03-15,Brooklyn,213016,241258.0,197887.0,207866.0
2026-03-15,EWR,0,0.0,0.0,0.0
2026-03-15,Manhattan,237844,304422.0,227476.0,232774.0
2026-03-15,Queens,156675,171579.0,153887.0,155197.0
2026-03-15,Staten Island,9775,12549.0,9493.0,12863.0
2026-03-16,Bronx,97421,93865.0,91392.0,95690.0
2026-03-16,Brooklyn,179171,213016.0,159740.0,173148.0
2026-03-16,EWR,0,0.0,0.0,0.0
2026-03-16,Manhattan,226208,237844.0,202664.0,218289.0
2026-03-16,Queens,154374,156675.0,147082.0,149422.0
2026-03-16,Staten Island,11673,9775.0,11455.0,12451.0
2026-03-17,Bronx,97628,97421.0,93624.0,101436.0
2026-03-17,Brooklyn,178845,179171.0,164372.0,191975.0
2026-03-17,EWR,0,0.0,0.0,0.0
2026-03-17,Manhattan,229499,226208.0,225116.0,259636.0
2026-03-17,Queens,153489,154374.0,145891.0,149917.0
2026-03-17,Staten Island,12594,11673.0,11747.0,12809.0
2026-03-18,Bronx,101584,97628.0,98353.0,97621.0
2026-03-18,Brooklyn,188986,178845.0,172669.0,173619.0
2026-03-18,EWR,0,0.0,0.0,0.0
2026-03-18,Manhattan,262490,229499.0,248163.0,245493.0
2026-03-18,Queens,157224,153489.0,143417.0,142478.0
2026-03-18,Staten Island,12614,12594.0,12179.0,12657.0
2026-03-19,Bronx,106283,101584.0,107610.0,108919.0
2026-03-19,Brooklyn,194948,188986.0,203677.0,208796.0
2026-03-19,EWR,0,0.0,0.0,0.0
2026-03-19,Manhattan,262314,262490.0,284075.0,292531.0
2026-03-19,Queens,159297,157224.0,166787.0,165644.0
2026-03-19,Staten Island,13371,12614.0,13410.0,13274.0
2026-03-20,Bronx,105716,106283.0,116446.0,111299.0
2026-03-20,Brooklyn,199577,194948.0,220448.0,212619.0
2026-03-20,EWR,0,0.0,0.0,0.0
2026-03-20,Manhattan,255857,262314.0,279411.0,273384.0
2026-03-20,Queens,164226,159297.0,178045.0,167481.0
2026-03-20,Staten Island,12732,13371.0,14372.0,13976.0
2026-03-21,Bronx,106223,105716.0,111046.0,105425.0
2026-03-21,Brooklyn,231650,199577.0,241258.0,236171.0
2026-03-21,EWR,0,0.0,0.0,0.0
2026-03-21,Manhattan,273130,255857.0,304422.0,293042.0
2026-03-21,Queens,164377,164226.0,171579.0,165459.0
2026-03-21,Staten Island,11725,12732.0,12549.0,12079.0
2026-03-22,Bronx,91553,106223.0,93865.0,87907.0
2026-03-22,Brooklyn,206136,231650.0,213016.0,197887.0
2026-03-22,EWR,0,0.0,0.0,0.0
2026-03-22,Manhattan,225456,273130.0,237844.0,227476.0
2026-03-22,Queens,155148,164377.0,156675.0,153887.0
2026-03-22,Staten Island,9410,11725.0,9775.0,9493.0
2026-03-23,Bronx,94380,91553.0,97421.0,91392.0
2026-03-23,Brooklyn,171666,206136.0,179171.0,159740.0
2026-03-23,EWR,0,0.0,0.0,0.0
2026-03-23,Manhattan,223008,225456.0,226208.0,202664.0
2026-03-23,Queens,146971,155148.0,154374.0,147082.0
2026-03-23,Staten Island,11874,9410.0,11673.0,11455.0
2026-03-24,Bronx,90477,94380.0,97628.0,93624.0
2026-03-24,Brooklyn,165093,171666.0,178845.0,164372.0
2026-03-24,EWR,0,0.0,0.0,0.0
2026-03-24,Manhattan,226918,223008.0,229499.0,225116.0
2026-03-24,Queens,140484,146971.0,153489.0,145891.0
2026-03-24,Staten Island,11286,11874.0,12594.0,11747.0
2026-03-25,Bronx,94628,90477.0,101584.0,98353.0
2026-03-25,Brooklyn,174535,165093.0,188986.0,172669.0
2026-03-25,EWR,0,0.0,0.0,0.0
2026-03-25,Manhattan,245069,226918.0,262490.0,248163.0
2026-03-25,Queens,142833,140484.0,157224.0,143417.0
2026-03-25,Staten Island,12022,11286.0,12614.0,12179.0
2026-03-26,Bronx,103672,94628.0,106283.0,107610.0
2026-03-26,Brooklyn,186013,174535.0,194948.0,203677.0
2026-03-26,EWR,0,0.0,0.0,0.0
2026-03-26,Manhattan,258106,245069.0,262314.0,284075.0
2026-03-26,Queens,153574,142833.0,159297.0,166787.0
2026-03-26,Staten Island,12711,12022.0,13371.0,13410.0
2026-03-27,Bronx,113779,103672.0,105716.0,116446.0
2026-03-27,Brooklyn,213641,186013.0,199577.0,220448.0
2026-03-27,EWR,0,0.0,0.0,0.0
2026-03-27,Manhattan,270713,258106.0,255857.0,279411.0
2026-03-27,Queens,168101,153574.0,164226.0,178045.0
2026-03-27,Staten Island,13605,12711.0,12732.0,14372.0
2026-03-28,Bronx,110378,113779.0,106223.0,111046.0
2026-03-28,Brooklyn,246927,213641.0,231650.0,241258.0
2026-03-28,EWR,0,0.0,0.0,0.0
2026-03-28,Manhattan,298947,270713.0,273130.0,304422.0
2026-03-28,Queens,167880,168101.0,164377.0,171579.0
2026-03-28,Staten Island,12065,13605.0,11725.0,12549.0
2026-03-29,Bronx,91732,110378.0,91553.0,93865.0
2026-03-29,Brooklyn,208883,246927.0,206136.0,213016.0
2026-03-29,EWR,0,0.0,0.0,0.0
2026-03-29,Manhattan,231936,298947.0,225456.0,237844.0
2026-03-29,Queens,154399,167880.0,155148.0,156675.0
2026-03-29,Staten Island,9511,12065.0,9410.0,9775.0
2026-03-30,Bronx,90653,91732.0,94380.0,97421.0
2026-03-30,Brooklyn,159988,208883.0,171666.0,179171.0
2026-03-30,EWR,0,0.0,0.0,0.0
2026-03-30,Manhattan,200921,231936.0,223008.0,226208.0
2026-03-30,Queens,140613,154399.0,146971.0,154374.0
2026-03-30,Staten Island,11021,9511.0,11874.0,11673.0
2026-03-31,Bronx,88996,90653.0,90477.0,97628.0
2026-03-31,Brooklyn,159976,159988.0,165093.0,178845.0
2026-03-31,EWR,0,0.0,0.0,0.0
2026-03-31,Manhattan,212233,200921.0,226918.0,229499.0
2026-03-31,Queens,132977,140613.0,140484.0,153489.0
2026-03-31,Staten Island,11230,11021.0,11286.0,12594.0
2026-04-01,Bronx,97252,88996.0,94628.0,101584.0
2026-04-01,Brooklyn,168761,159976.0,174535.0,188986.0
2026-04-01,EWR,0,0.0,0.0,0.0
2026-04-01,Manhattan,223151,212233.0,245069.0,262490.0
2026-04-01,Queens,139239,132977.0,142833.0,157224.0
2026-04-01,Staten Island,11734,11230.0,12022.0,12614.0
2026-04-02,Bronx,100039,97252.0,103672.0,106283.0
2026-04-02,Brooklyn,172405,168761.0,186013.0,194948.0
2026-04-02,EWR,0,0.0,0.0,0.0
2026-04-02,Manhattan,252211,223151.0,258106.0,262314.0
2026-04-02,Queens,144797,139239.0,153574.0,159297.0
2026-04-02,Staten Island,11303,11734.0,12711.0,13371.0
2026-04-03,Bronx,101626,100039.0,113779.0,105716.0
2026-04-03,Brooklyn,185736,172405.0,213641.0,199577.0
2026-04-03,EWR,0,0.0,0.0,0.0
2026-04-03,Manhattan,239888,252211.0,270713.0,255857.0
2026-04-03,Queens,149050,144797.0,168101.0,164226.0
2026-04-03,Staten Island,11832,11303.0,13605.0,12732.0
2026-04-04,Bronx,107539,101626.0,110378.0,106223.0
2026-04-04,Brooklyn,231373,185736.0,246927.0,231650.0
2026-04-04,EWR,0,0.0,0.0,0.0
2026-04-04,Manhattan,273032,239888.0,298947.0,273130.0
2026-04-04,Queens,161059,149050.0,167880.0,164377.0
2026-04-04,Staten Island,11908,11832.0,12065.0,11725.0
2026-04-05,Bronx,94695,107539.0,91732.0,91553.0
2026-04-05,Brooklyn,198833,231373.0,208883.0,206136.0
2026-04-05,EWR,0,0.0,0.0,0.0
2026-04-05,Manhattan,233148,273032.0,231936.0,225456.0
2026-04-05,Queens,151379,161059.0,154399.0,155148.0
2026-04-05,Staten Island,9270,11908.0,9511.0,9410.0
2026-04-06,Bronx,82338,94695.0,90653.0,94380.0
2026-04-06,Brooklyn,142062,198833.0,159988.0,171666.0
2026-04-06,EWR,0,0.0,0.0,0.0
2026-04-06,Manhattan,192622,233148.0,200921.0,223008.0
2026-04-06,Queens,132590,151379.0,140613.0,146971.0
2026-04-06,Staten Island,10035,9270.0,11021.0,11874.0
2026-04-07,Bronx,86852,82338.0,88996.0,90477.0
2026-04-07,Brooklyn,149091,142062.0,159976.0,165093.0
2026-04-07,EWR,0,0.0,0.0,0.0
2026-04-07,Manhattan,224611,192622.0,212233.0,226918.0
2026-04-07,Queens,132920,132590.0,132977.0,140484.0
2026-04-07,Staten Island,10137,10035.0,11230.0,11286.0
2026-04-08,Bronx,89792,86852.0,97252.0,94628.0
2026-04-08,Brooklyn,152378,149091.0,168761.0,174535.0
2026-04-08,EWR,0,0.0,0.0,0.0
2026-04-08,Manhattan,245550,224611.0,223151.0,245069.0
2026-04-08,Queens,135470,132920.0,139239.0,142833.0
2026-04-08,Staten Island,10269,10137.0,11734.0,12022.0
2026-04-09,Bronx,93143,89792.0,100039.0,103672.0
2026-04-09,Brooklyn,165252,152378.0,172405.0,186013.0
2026-04-09,EWR,0,0.0,0.0,0.0
2026-04-09,Manhattan,263163,245550.0,252211.0,258106.0
2026-04-09,Queens,142406,135470.0,144797.0,153574.0
2026-04-09,Staten Island,10927,10269.0,11303.0,12711.0
2026-04-10,Bronx,103527,93143.0,101626.0,113779.0
2026-04-10,Brooklyn,196397,165252.0,185736.0,213641.0
2026-04-10,EWR,0,0.0,0.0,0.0
2026-04-10,Manhattan,275147,263163.0,239888.0,270713.0
2026-04-10,Queens,158221,142406.0,149050.0,168101.0
2026-04-10,Staten Island,12210,10927.0,11832.0,13605.0
2026-04-11,Bronx,100341,103527.0,107539.0,110378.0
2026-04-11,Brooklyn,233470,196397.0,231373.0,246927.0
2026-04-11,EWR,0,0.0,0.0,0.0
2026-04-11,Manhattan,298599,275147.0,273032.0,298947.0
2026-04-11,Queens,163373,158221.0,161059.0,167880.0
2026-04-11,Staten Island,11545,12210.0,11908.0,12065.0
2026-04-12,Bronx,88019,100341.0,94695.0,91732.0
2026-04-12,Brooklyn,204560,233470.0,198833.0,208883.0
2026-04-12,EWR,0,0.0,0.0,0.0
2026-04-12,Manhattan,243477,298599.0,233148.0,231936.0
2026-04-12,Queens,156646,163373.0,151379.0,154399.0
2026-04-12,Staten Island,9365,11545.0,9270.0,9511.0
2026-04-13,Bronx,90077,88019.0,82338.0,90653.0
2026-04-13,Brooklyn,159066,204560.0,142062.0,159988.0
2026-04-13,EWR,0,0.0,0.0,0.0
2026-04-13,Manhattan,210231,243477.0,192622.0,200921.0
2026-04-13,Queens,145998,156646.0,132590.0,140613.0
2026-04-13,Staten Island,10769,9365.0,10035.0,11021.0
2026-04-14,Bronx,92761,90077.0,86852.0,88996.0
2026-04-14,Brooklyn,160987,159066.0,149091.0,159976.0
2026-04-14,EWR,0,0.0,0.0,0.0
2026-04-14,Manhattan,232080,210231.0,224611.0,212233.0
2026-04-14,Queens,139476,145998.0,132920.0,132977.0
2026-04-14,Staten Island,11281,10769.0,10137.0,11230.0
2026-04-15,Bronx,97248,92761.0,89792.0,97252.0
2026-04-15,Brooklyn,176639,160987.0,152378.0,168761.0
2026-04-15,EWR,0,0.0,0.0,0.0
2026-04-15,Manhattan,251308,232080.0,245550.0,223151.0
2026-04-15,Queens,144930,139476.0,135470.0,139239.0
2026-04-15,Staten Island,12090,11281.0,10269.0,11734.0
2026-04-16,Bronx,101004,97248.0,93143.0,100039.0
2026-04-16,Brooklyn,184658,176639.0,165252.0,172405.0
2026-04-16,EWR,0,0.0,0.0,0.0
2026-04-16,Manhattan,268380,251308.0,263163.0,252211.0
2026-04-16,Queens,152094,144930.0,142406.0,144797.0
2026-04-16,Staten Island,12728,12090.0,10927.0,11303.0
2026-04-17,Bronx,109601,101004.0,103527.0,101626.0
2026-04-17,Brooklyn,212494,184658.0,196397.0,185736.0
2026-04-17,EWR,0,0.0,0.0,0.0
2026-04-17,Manhattan,276895,268380.0,275147.0,239888.0
2026-04-17,Queens,167577,152094.0,158221.0,149050.0
2026-04-17,Staten Island,13557,12728.0,12210.0,11832.0
2026-04-18,Bronx,103500,109601.0,100341.0,107539.0
2026-04-18,Brooklyn,249618,212494.0,233470.0,231373.0
2026-04-18,EWR,0,0.0,0.0,0.0
2026-04-18,Manhattan,307710,276895.0,298599.0,273032.0
2026-04-18,Queens,177884,167577.0,163373.0,161059.0
2026-04-18,Staten Island,12227,13557.0,11545.0,11908.0
2026-04-19,Bronx,86660,103500.0,88019.0,94695.0
2026-04-19,Brooklyn,214132,249618.0,204560.0,198833.0
2026-04-19,EWR,0,0.0,0.0,0.0
2026-04-19,Manhattan,261860,307710.0,243477.0,233148.0
2026-04-19,Queens,162477,177884.0,156646.0,151379.0
2026-04-19,Staten Island,9359,12227.0,9365.0,9270.0
2026-04-20,Bronx,89332,86660.0,90077.0,82338.0
2026-04-20,Brooklyn,163844,214132.0,159066.0,142062.0
2026-04-20,EWR,0,0.0,0.0,0.0
2026-04-20,Manhattan,223186,261860.0,210231.0,192622.0
2026-04-20,Queens,147722,162477.0,145998.0,132590.0
2026-04-20,Staten Island,11044,9359.0,10769.0,10035.0
2026-04-21,Bronx,88831,89332.0,92761.0,86852.0
2026-04-21,Brooklyn,164503,163844.0,160987.0,149091.0
2026-04-21,EWR,0,0.0,0.0,0.0
2026-04-21,Manhattan,245721,223186.0,232080.0,224611.0
2026-04-21,Queens,144598,147722.0,139476.0,132920.0
2026-04-21,Staten Island,11144,11044.0,11281.0,10137.0
2026-04-22,Bronx,93263,88831.0,97248.0,89792.0
2026-04-22,Brooklyn,174064,164503.0,176639.0,152378.0
2026-04-22,EWR,0,0.0,0.0,0.0
2026-04-22,Manhattan,263147,245721.0,251308.0,245550.0
2026-04-22,Queens,147816,144598.0,144930.0,135470.0
2026-04-22,Staten Island,11469,11144.0,12090.0,10269.0
2026-04-23,Bronx,96965,93263.0,101004.0,93143.0
2026-04-23,Brooklyn,180634,174064.0,184658.0,165252.0
2026-04-23,EWR,0,0.0,0.0,0.0
2026-04-23,Manhattan,264982,263147.0,268380.0,263163.0
2026-04-23,Queens,153237,147816.0,152094.0,142406.0
2026-04-23,Staten Island,12179,11469.0,12728.0,10927.0
2026-04-24,Bronx,109024,96965.0,109601.0,103527.0
2026-04-24,Brooklyn,212909,180634.0,212494.0,196397.0
2026-04-24,EWR,0,0.0,0.0,0.0
2026-04-24,Manhattan,284658,264982.0,276895.0,275147.0
2026-04-24,Queens,170183,153237.0,167577.0,158221.0
2026-04-24,Staten Island,13643,12179.0,13557.0,12210.0
2026-04-25,Bronx,108745,109024.0,103500.0,100341.0
2026-04-25,Brooklyn,275975,212909.0,249618.0,233470.0
2026-04-25,EWR,0,0.0,0.0,0.0
2026-04-25,Manhattan,356918,284658.0,307710.0,298599.0
2026-04-25,Queens,185072,170183.0,177884.0,163373.0
2026-04-25,Staten Island,12765,13643.0,12227.0,11545.0
2026-04-26,Bronx,86030,108745.0,86660.0,88019.0
2026-04-26,Brooklyn,204822,275975.0,214132.0,204560.0
2026-04-26,EWR,0,0.0,0.0,0.0
2026-04-26,Manhattan,243778,356918.0,261860.0,243477.0
2026-04-26,Queens,160058,185072.0,162477.0,156646.0
2026-04-26,Staten Island,9425,12765.0,9359.0,9365.0
2026-04-27,Bronx,85528,86030.0,89332.0,90077.0
2026-04-27,Brooklyn,155459,204822.0,163844.0,159066.0
2026-04-27,EWR,1,0.0,0.0,0.0
2026-04-27,Manhattan,208969,243778.0,223186.0,210231.0
2026-04-27,Queens,144025,160058.0,147722.0,145998.0
2026-04-27,Staten Island,10381,9425.0,11044.0,10769.0
2026-04-28,Bronx,85910,85528.0,88831.0,92761.0
2026-04-28,Brooklyn,158353,155459.0,164503.0,160987.0
2026-04-28,EWR,0,1.0,0.0,0.0
2026-04-28,Manhattan,233909,208969.0,245721.0,232080.0
2026-04-28,Queens,139522,144025.0,144598.0,139476.0
2026-04-28,Staten Island,10826,10381.0,11144.0,11281.0
2026-04-29,Bronx,92601,85910.0,93263.0,97248.0
2026-04-29,Brooklyn,175401,158353.0,174064.0,176639.0
2026-04-29,EWR,0,0.0,0.0,0.0
2026-04-29,Manhattan,261433,233909.0,263147.0,251308.0
2026-04-29,Queens,147087,139522.0,147816.0,144930.0
2026-04-29,Staten Island,11475,10826.0,11469.0,12090.0
2026-04-30,Bronx,97540,92601.0,96965.0,101004.0
2026-04-30,Brooklyn,185459,175401.0,180634.0,184658.0
2026-04-30,EWR,1,0.0,0.0,0.0
2026-04-30,Manhattan,275508,261433.0,264982.0,268380.0
2026-04-30,Queens,154515,147087.0,153237.0,152094.0
2026-04-30,Staten Island,12223,11475.0,12179.0,12728.0
